[29-Dec-2025 22:10:01 Europe/Zurich] PHP Fatal error:  Uncaught mysqli_sql_exception: Unknown column 'position' in 'SELECT' in /home/pihezigo/www/geolearnr.ch/api.php:151
Stack trace:
#0 /home/pihezigo/www/geolearnr.ch/api.php(151): mysqli->prepare()
#1 {main}
  thrown in /home/pihezigo/www/geolearnr.ch/api.php on line 151
[29-Dec-2025 22:12:12 Europe/Zurich] PHP Fatal error:  Uncaught mysqli_sql_exception: Unknown column 'position' in 'SELECT' in /home/pihezigo/www/geolearnr.ch/api.php:156
Stack trace:
#0 /home/pihezigo/www/geolearnr.ch/api.php(156): mysqli->prepare()
#1 {main}
  thrown in /home/pihezigo/www/geolearnr.ch/api.php on line 156
[29-Dec-2025 22:20:36 Europe/Zurich] PHP Fatal error:  Uncaught mysqli_sql_exception: Unknown column 'position' in 'SELECT' in /home/pihezigo/www/geolearnr.ch/api.php:157
Stack trace:
#0 /home/pihezigo/www/geolearnr.ch/api.php(157): mysqli->prepare()
#1 {main}
  thrown in /home/pihezigo/www/geolearnr.ch/api.php on line 157
[29-Dec-2025 22:20:42 Europe/Zurich] PHP Fatal error:  Uncaught mysqli_sql_exception: Unknown column 'position' in 'SELECT' in /home/pihezigo/www/geolearnr.ch/api.php:157
Stack trace:
#0 /home/pihezigo/www/geolearnr.ch/api.php(157): mysqli->prepare()
#1 {main}
  thrown in /home/pihezigo/www/geolearnr.ch/api.php on line 157
[29-Dec-2025 22:21:58 Europe/Zurich] PHP Fatal error:  Uncaught mysqli_sql_exception: Unknown column 'position' in 'SELECT' in /home/pihezigo/www/geolearnr.ch/api.php:158
Stack trace:
#0 /home/pihezigo/www/geolearnr.ch/api.php(158): mysqli->prepare()
#1 {main}
  thrown in /home/pihezigo/www/geolearnr.ch/api.php on line 158
[29-Dec-2025 22:22:01 Europe/Zurich] PHP Fatal error:  Uncaught mysqli_sql_exception: Unknown column 'position' in 'SELECT' in /home/pihezigo/www/geolearnr.ch/api.php:158
Stack trace:
#0 /home/pihezigo/www/geolearnr.ch/api.php(158): mysqli->prepare()
#1 {main}
  thrown in /home/pihezigo/www/geolearnr.ch/api.php on line 158
[29-Dec-2025 22:22:02 Europe/Zurich] PHP Fatal error:  Uncaught mysqli_sql_exception: Unknown column 'position' in 'SELECT' in /home/pihezigo/www/geolearnr.ch/api.php:158
Stack trace:
#0 /home/pihezigo/www/geolearnr.ch/api.php(158): mysqli->prepare()
#1 {main}
  thrown in /home/pihezigo/www/geolearnr.ch/api.php on line 158
[29-Dec-2025 22:22:03 Europe/Zurich] PHP Fatal error:  Uncaught mysqli_sql_exception: Unknown column 'position' in 'SELECT' in /home/pihezigo/www/geolearnr.ch/api.php:158
Stack trace:
#0 /home/pihezigo/www/geolearnr.ch/api.php(158): mysqli->prepare()
#1 {main}
  thrown in /home/pihezigo/www/geolearnr.ch/api.php on line 158
[29-Dec-2025 22:22:03 Europe/Zurich] PHP Fatal error:  Uncaught mysqli_sql_exception: Unknown column 'position' in 'SELECT' in /home/pihezigo/www/geolearnr.ch/api.php:158
Stack trace:
#0 /home/pihezigo/www/geolearnr.ch/api.php(158): mysqli->prepare()
#1 {main}
  thrown in /home/pihezigo/www/geolearnr.ch/api.php on line 158
[29-Dec-2025 22:22:04 Europe/Zurich] PHP Fatal error:  Uncaught mysqli_sql_exception: Unknown column 'position' in 'SELECT' in /home/pihezigo/www/geolearnr.ch/api.php:158
Stack trace:
#0 /home/pihezigo/www/geolearnr.ch/api.php(158): mysqli->prepare()
#1 {main}
  thrown in /home/pihezigo/www/geolearnr.ch/api.php on line 158
[30-Dec-2025 00:25:26 Europe/Zurich] PHP Warning:  Undefined variable $question_id in /home/pihezigo/www/geolearnr.ch/api.php on line 237
[30-Dec-2025 00:25:39 Europe/Zurich] PHP Warning:  Undefined variable $question_id in /home/pihezigo/www/geolearnr.ch/api.php on line 237
[31-Dec-2025 16:53:04 Europe/Zurich] PHP Fatal error:  Uncaught ArgumentCountError: The number of elements in the type definition string must match the number of bind variables in /home/pihezigo/www/geolearnr.ch/api.php:436
Stack trace:
#0 /home/pihezigo/www/geolearnr.ch/api.php(436): mysqli_stmt->bind_param()
#1 {main}
  thrown in /home/pihezigo/www/geolearnr.ch/api.php on line 436
[31-Dec-2025 16:56:57 Europe/Zurich] PHP Fatal error:  Uncaught ArgumentCountError: The number of elements in the type definition string must match the number of bind variables in /home/pihezigo/www/geolearnr.ch/api.php:436
Stack trace:
#0 /home/pihezigo/www/geolearnr.ch/api.php(436): mysqli_stmt->bind_param()
#1 {main}
  thrown in /home/pihezigo/www/geolearnr.ch/api.php on line 436
[31-Dec-2025 16:57:55 Europe/Zurich] PHP Fatal error:  Uncaught ArgumentCountError: The number of variables must match the number of parameters in the prepared statement in /home/pihezigo/www/geolearnr.ch/api.php:269
Stack trace:
#0 /home/pihezigo/www/geolearnr.ch/api.php(269): mysqli_stmt->bind_param()
#1 {main}
  thrown in /home/pihezigo/www/geolearnr.ch/api.php on line 269
[31-Dec-2025 16:58:03 Europe/Zurich] PHP Fatal error:  Uncaught ArgumentCountError: The number of variables must match the number of parameters in the prepared statement in /home/pihezigo/www/geolearnr.ch/api.php:269
Stack trace:
#0 /home/pihezigo/www/geolearnr.ch/api.php(269): mysqli_stmt->bind_param()
#1 {main}
  thrown in /home/pihezigo/www/geolearnr.ch/api.php on line 269
[31-Dec-2025 21:45:54 Europe/Zurich] PHP Fatal error:  Uncaught mysqli_sql_exception: Column 'answer_text' cannot be null in /home/pihezigo/www/geolearnr.ch/api.php:279
Stack trace:
#0 /home/pihezigo/www/geolearnr.ch/api.php(279): mysqli_stmt->execute()
#1 {main}
  thrown in /home/pihezigo/www/geolearnr.ch/api.php on line 279
[31-Dec-2025 21:45:57 Europe/Zurich] PHP Fatal error:  Uncaught mysqli_sql_exception: Column 'answer_text' cannot be null in /home/pihezigo/www/geolearnr.ch/api.php:279
Stack trace:
#0 /home/pihezigo/www/geolearnr.ch/api.php(279): mysqli_stmt->execute()
#1 {main}
  thrown in /home/pihezigo/www/geolearnr.ch/api.php on line 279
[31-Dec-2025 21:46:37 Europe/Zurich] PHP Fatal error:  Uncaught mysqli_sql_exception: Column 'answer_text' cannot be null in /home/pihezigo/www/geolearnr.ch/api.php:279
Stack trace:
#0 /home/pihezigo/www/geolearnr.ch/api.php(279): mysqli_stmt->execute()
#1 {main}
  thrown in /home/pihezigo/www/geolearnr.ch/api.php on line 279
[31-Dec-2025 21:46:38 Europe/Zurich] PHP Fatal error:  Uncaught mysqli_sql_exception: Column 'answer_text' cannot be null in /home/pihezigo/www/geolearnr.ch/api.php:279
Stack trace:
#0 /home/pihezigo/www/geolearnr.ch/api.php(279): mysqli_stmt->execute()
#1 {main}
  thrown in /home/pihezigo/www/geolearnr.ch/api.php on line 279
[31-Dec-2025 21:51:53 Europe/Zurich] PHP Fatal error:  Uncaught mysqli_sql_exception: Column 'answer_text' cannot be null in /home/pihezigo/www/geolearnr.ch/api.php:279
Stack trace:
#0 /home/pihezigo/www/geolearnr.ch/api.php(279): mysqli_stmt->execute()
#1 {main}
  thrown in /home/pihezigo/www/geolearnr.ch/api.php on line 279
[31-Dec-2025 21:52:00 Europe/Zurich] PHP Fatal error:  Uncaught mysqli_sql_exception: Column 'answer_text' cannot be null in /home/pihezigo/www/geolearnr.ch/api.php:279
Stack trace:
#0 /home/pihezigo/www/geolearnr.ch/api.php(279): mysqli_stmt->execute()
#1 {main}
  thrown in /home/pihezigo/www/geolearnr.ch/api.php on line 279
[31-Dec-2025 21:52:01 Europe/Zurich] PHP Fatal error:  Uncaught mysqli_sql_exception: Column 'answer_text' cannot be null in /home/pihezigo/www/geolearnr.ch/api.php:279
Stack trace:
#0 /home/pihezigo/www/geolearnr.ch/api.php(279): mysqli_stmt->execute()
#1 {main}
  thrown in /home/pihezigo/www/geolearnr.ch/api.php on line 279
[31-Dec-2025 21:52:01 Europe/Zurich] PHP Fatal error:  Uncaught mysqli_sql_exception: Column 'answer_text' cannot be null in /home/pihezigo/www/geolearnr.ch/api.php:279
Stack trace:
#0 /home/pihezigo/www/geolearnr.ch/api.php(279): mysqli_stmt->execute()
#1 {main}
  thrown in /home/pihezigo/www/geolearnr.ch/api.php on line 279
[31-Dec-2025 21:52:01 Europe/Zurich] PHP Fatal error:  Uncaught mysqli_sql_exception: Column 'answer_text' cannot be null in /home/pihezigo/www/geolearnr.ch/api.php:279
Stack trace:
#0 /home/pihezigo/www/geolearnr.ch/api.php(279): mysqli_stmt->execute()
#1 {main}
  thrown in /home/pihezigo/www/geolearnr.ch/api.php on line 279
[31-Dec-2025 21:52:02 Europe/Zurich] PHP Fatal error:  Uncaught mysqli_sql_exception: Column 'answer_text' cannot be null in /home/pihezigo/www/geolearnr.ch/api.php:279
Stack trace:
#0 /home/pihezigo/www/geolearnr.ch/api.php(279): mysqli_stmt->execute()
#1 {main}
  thrown in /home/pihezigo/www/geolearnr.ch/api.php on line 279
[31-Dec-2025 21:52:02 Europe/Zurich] PHP Fatal error:  Uncaught mysqli_sql_exception: Column 'answer_text' cannot be null in /home/pihezigo/www/geolearnr.ch/api.php:279
Stack trace:
#0 /home/pihezigo/www/geolearnr.ch/api.php(279): mysqli_stmt->execute()
#1 {main}
  thrown in /home/pihezigo/www/geolearnr.ch/api.php on line 279
[31-Dec-2025 21:52:02 Europe/Zurich] PHP Fatal error:  Uncaught mysqli_sql_exception: Column 'answer_text' cannot be null in /home/pihezigo/www/geolearnr.ch/api.php:279
Stack trace:
#0 /home/pihezigo/www/geolearnr.ch/api.php(279): mysqli_stmt->execute()
#1 {main}
  thrown in /home/pihezigo/www/geolearnr.ch/api.php on line 279
[31-Dec-2025 21:52:02 Europe/Zurich] PHP Fatal error:  Uncaught mysqli_sql_exception: Column 'answer_text' cannot be null in /home/pihezigo/www/geolearnr.ch/api.php:279
Stack trace:
#0 /home/pihezigo/www/geolearnr.ch/api.php(279): mysqli_stmt->execute()
#1 {main}
  thrown in /home/pihezigo/www/geolearnr.ch/api.php on line 279
[31-Dec-2025 21:52:11 Europe/Zurich] PHP Fatal error:  Uncaught mysqli_sql_exception: Column 'answer_text' cannot be null in /home/pihezigo/www/geolearnr.ch/api.php:279
Stack trace:
#0 /home/pihezigo/www/geolearnr.ch/api.php(279): mysqli_stmt->execute()
#1 {main}
  thrown in /home/pihezigo/www/geolearnr.ch/api.php on line 279
[31-Dec-2025 21:52:12 Europe/Zurich] PHP Fatal error:  Uncaught mysqli_sql_exception: Column 'answer_text' cannot be null in /home/pihezigo/www/geolearnr.ch/api.php:279
Stack trace:
#0 /home/pihezigo/www/geolearnr.ch/api.php(279): mysqli_stmt->execute()
#1 {main}
  thrown in /home/pihezigo/www/geolearnr.ch/api.php on line 279
[31-Dec-2025 21:53:25 Europe/Zurich] PHP Fatal error:  Uncaught mysqli_sql_exception: Column 'answer_text' cannot be null in /home/pihezigo/www/geolearnr.ch/api.php:279
Stack trace:
#0 /home/pihezigo/www/geolearnr.ch/api.php(279): mysqli_stmt->execute()
#1 {main}
  thrown in /home/pihezigo/www/geolearnr.ch/api.php on line 279
[31-Dec-2025 21:53:29 Europe/Zurich] PHP Fatal error:  Uncaught mysqli_sql_exception: Column 'answer_text' cannot be null in /home/pihezigo/www/geolearnr.ch/api.php:279
Stack trace:
#0 /home/pihezigo/www/geolearnr.ch/api.php(279): mysqli_stmt->execute()
#1 {main}
  thrown in /home/pihezigo/www/geolearnr.ch/api.php on line 279
[31-Dec-2025 21:53:33 Europe/Zurich] PHP Fatal error:  Uncaught mysqli_sql_exception: Column 'answer_text' cannot be null in /home/pihezigo/www/geolearnr.ch/api.php:279
Stack trace:
#0 /home/pihezigo/www/geolearnr.ch/api.php(279): mysqli_stmt->execute()
#1 {main}
  thrown in /home/pihezigo/www/geolearnr.ch/api.php on line 279
[31-Dec-2025 21:56:16 Europe/Zurich] PHP Fatal error:  Uncaught mysqli_sql_exception: Column 'answer_text' cannot be null in /home/pihezigo/www/geolearnr.ch/api.php:279
Stack trace:
#0 /home/pihezigo/www/geolearnr.ch/api.php(279): mysqli_stmt->execute()
#1 {main}
  thrown in /home/pihezigo/www/geolearnr.ch/api.php on line 279
[31-Dec-2025 21:58:02 Europe/Zurich] PHP Fatal error:  Uncaught mysqli_sql_exception: Column 'answer_text' cannot be null in /home/pihezigo/www/geolearnr.ch/api.php:279
Stack trace:
#0 /home/pihezigo/www/geolearnr.ch/api.php(279): mysqli_stmt->execute()
#1 {main}
  thrown in /home/pihezigo/www/geolearnr.ch/api.php on line 279
[31-Dec-2025 21:58:38 Europe/Zurich] PHP Fatal error:  Uncaught mysqli_sql_exception: Column 'answer_text' cannot be null in /home/pihezigo/www/geolearnr.ch/api.php:279
Stack trace:
#0 /home/pihezigo/www/geolearnr.ch/api.php(279): mysqli_stmt->execute()
#1 {main}
  thrown in /home/pihezigo/www/geolearnr.ch/api.php on line 279
[31-Dec-2025 21:58:55 Europe/Zurich] PHP Fatal error:  Uncaught mysqli_sql_exception: Column 'answer_text' cannot be null in /home/pihezigo/www/geolearnr.ch/api.php:279
Stack trace:
#0 /home/pihezigo/www/geolearnr.ch/api.php(279): mysqli_stmt->execute()
#1 {main}
  thrown in /home/pihezigo/www/geolearnr.ch/api.php on line 279
[31-Dec-2025 21:58:56 Europe/Zurich] PHP Fatal error:  Uncaught mysqli_sql_exception: Column 'answer_text' cannot be null in /home/pihezigo/www/geolearnr.ch/api.php:279
Stack trace:
#0 /home/pihezigo/www/geolearnr.ch/api.php(279): mysqli_stmt->execute()
#1 {main}
  thrown in /home/pihezigo/www/geolearnr.ch/api.php on line 279
[31-Dec-2025 21:58:56 Europe/Zurich] PHP Fatal error:  Uncaught mysqli_sql_exception: Column 'answer_text' cannot be null in /home/pihezigo/www/geolearnr.ch/api.php:279
Stack trace:
#0 /home/pihezigo/www/geolearnr.ch/api.php(279): mysqli_stmt->execute()
#1 {main}
  thrown in /home/pihezigo/www/geolearnr.ch/api.php on line 279
[31-Dec-2025 21:58:57 Europe/Zurich] PHP Fatal error:  Uncaught mysqli_sql_exception: Column 'answer_text' cannot be null in /home/pihezigo/www/geolearnr.ch/api.php:279
Stack trace:
#0 /home/pihezigo/www/geolearnr.ch/api.php(279): mysqli_stmt->execute()
#1 {main}
  thrown in /home/pihezigo/www/geolearnr.ch/api.php on line 279
[31-Dec-2025 21:58:57 Europe/Zurich] PHP Fatal error:  Uncaught mysqli_sql_exception: Column 'answer_text' cannot be null in /home/pihezigo/www/geolearnr.ch/api.php:279
Stack trace:
#0 /home/pihezigo/www/geolearnr.ch/api.php(279): mysqli_stmt->execute()
#1 {main}
  thrown in /home/pihezigo/www/geolearnr.ch/api.php on line 279
[31-Dec-2025 21:58:57 Europe/Zurich] PHP Fatal error:  Uncaught mysqli_sql_exception: Column 'answer_text' cannot be null in /home/pihezigo/www/geolearnr.ch/api.php:279
Stack trace:
#0 /home/pihezigo/www/geolearnr.ch/api.php(279): mysqli_stmt->execute()
#1 {main}
  thrown in /home/pihezigo/www/geolearnr.ch/api.php on line 279
[31-Dec-2025 21:58:57 Europe/Zurich] PHP Fatal error:  Uncaught mysqli_sql_exception: Column 'answer_text' cannot be null in /home/pihezigo/www/geolearnr.ch/api.php:279
Stack trace:
#0 /home/pihezigo/www/geolearnr.ch/api.php(279): mysqli_stmt->execute()
#1 {main}
  thrown in /home/pihezigo/www/geolearnr.ch/api.php on line 279
[31-Dec-2025 21:58:57 Europe/Zurich] PHP Fatal error:  Uncaught mysqli_sql_exception: Column 'answer_text' cannot be null in /home/pihezigo/www/geolearnr.ch/api.php:279
Stack trace:
#0 /home/pihezigo/www/geolearnr.ch/api.php(279): mysqli_stmt->execute()
#1 {main}
  thrown in /home/pihezigo/www/geolearnr.ch/api.php on line 279
[04-Jan-2026 01:28:24 Europe/Zurich] PHP Notice:  session_start() [<a href='https://secure.php.net/manual/en/function.session-start.php'>function.session-start.php</a>]: Ignoring session_start() because a session is already active (started from /home/pihezigo/www/geolearnr.ch/api.php on line 10) in /home/pihezigo/www/geolearnr.ch/api.php on line 563
[04-Jan-2026 01:28:34 Europe/Zurich] PHP Notice:  session_start() [<a href='https://secure.php.net/manual/en/function.session-start.php'>function.session-start.php</a>]: Ignoring session_start() because a session is already active (started from /home/pihezigo/www/geolearnr.ch/api.php on line 10) in /home/pihezigo/www/geolearnr.ch/api.php on line 611
[04-Jan-2026 01:28:35 Europe/Zurich] PHP Notice:  session_start() [<a href='https://secure.php.net/manual/en/function.session-start.php'>function.session-start.php</a>]: Ignoring session_start() because a session is already active (started from /home/pihezigo/www/geolearnr.ch/api.php on line 10) in /home/pihezigo/www/geolearnr.ch/api.php on line 563
[04-Jan-2026 01:28:41 Europe/Zurich] PHP Notice:  session_start() [<a href='https://secure.php.net/manual/en/function.session-start.php'>function.session-start.php</a>]: Ignoring session_start() because a session is already active (started from /home/pihezigo/www/geolearnr.ch/api.php on line 10) in /home/pihezigo/www/geolearnr.ch/api.php on line 573
[04-Jan-2026 01:33:51 Europe/Zurich] PHP Notice:  session_start() [<a href='https://secure.php.net/manual/en/function.session-start.php'>function.session-start.php</a>]: Ignoring session_start() because a session is already active (started from /home/pihezigo/www/geolearnr.ch/api.php on line 10) in /home/pihezigo/www/geolearnr.ch/api.php on line 563
[04-Jan-2026 01:36:27 Europe/Zurich] PHP Notice:  session_start() [<a href='https://secure.php.net/manual/en/function.session-start.php'>function.session-start.php</a>]: Ignoring session_start() because a session is already active (started from /home/pihezigo/www/geolearnr.ch/api.php on line 10) in /home/pihezigo/www/geolearnr.ch/api.php on line 563
[04-Jan-2026 01:46:05 Europe/Zurich] PHP Notice:  session_start() [<a href='https://secure.php.net/manual/en/function.session-start.php'>function.session-start.php</a>]: Ignoring session_start() because a session is already active (started from /home/pihezigo/www/geolearnr.ch/api.php on line 10) in /home/pihezigo/www/geolearnr.ch/api.php on line 566
[04-Jan-2026 01:47:42 Europe/Zurich] PHP Notice:  session_start() [<a href='https://secure.php.net/manual/en/function.session-start.php'>function.session-start.php</a>]: Ignoring session_start() because a session is already active (started from /home/pihezigo/www/geolearnr.ch/api.php on line 10) in /home/pihezigo/www/geolearnr.ch/api.php on line 566
[04-Jan-2026 01:47:50 Europe/Zurich] PHP Notice:  session_start() [<a href='https://secure.php.net/manual/en/function.session-start.php'>function.session-start.php</a>]: Ignoring session_start() because a session is already active (started from /home/pihezigo/www/geolearnr.ch/api.php on line 10) in /home/pihezigo/www/geolearnr.ch/api.php on line 614
[04-Jan-2026 01:47:51 Europe/Zurich] PHP Notice:  session_start() [<a href='https://secure.php.net/manual/en/function.session-start.php'>function.session-start.php</a>]: Ignoring session_start() because a session is already active (started from /home/pihezigo/www/geolearnr.ch/api.php on line 10) in /home/pihezigo/www/geolearnr.ch/api.php on line 566
[04-Jan-2026 01:47:55 Europe/Zurich] PHP Notice:  session_start() [<a href='https://secure.php.net/manual/en/function.session-start.php'>function.session-start.php</a>]: Ignoring session_start() because a session is already active (started from /home/pihezigo/www/geolearnr.ch/api.php on line 10) in /home/pihezigo/www/geolearnr.ch/api.php on line 576
[04-Jan-2026 01:55:24 Europe/Zurich] PHP Notice:  session_start() [<a href='https://secure.php.net/manual/en/function.session-start.php'>function.session-start.php</a>]: Ignoring session_start() because a session is already active (started from /home/pihezigo/www/geolearnr.ch/api.php on line 10) in /home/pihezigo/www/geolearnr.ch/api.php on line 550
[04-Jan-2026 01:55:24 Europe/Zurich] PHP Notice:  session_start() [<a href='https://secure.php.net/manual/en/function.session-start.php'>function.session-start.php</a>]: Ignoring session_start() because a session is already active (started from /home/pihezigo/www/geolearnr.ch/api.php on line 10) in /home/pihezigo/www/geolearnr.ch/api.php on line 702
[04-Jan-2026 01:55:42 Europe/Zurich] PHP Notice:  session_start() [<a href='https://secure.php.net/manual/en/function.session-start.php'>function.session-start.php</a>]: Ignoring session_start() because a session is already active (started from /home/pihezigo/www/geolearnr.ch/api.php on line 10) in /home/pihezigo/www/geolearnr.ch/api.php on line 550
[04-Jan-2026 01:55:44 Europe/Zurich] PHP Notice:  session_start() [<a href='https://secure.php.net/manual/en/function.session-start.php'>function.session-start.php</a>]: Ignoring session_start() because a session is already active (started from /home/pihezigo/www/geolearnr.ch/api.php on line 10) in /home/pihezigo/www/geolearnr.ch/api.php on line 550
[04-Jan-2026 01:55:44 Europe/Zurich] PHP Notice:  session_start() [<a href='https://secure.php.net/manual/en/function.session-start.php'>function.session-start.php</a>]: Ignoring session_start() because a session is already active (started from /home/pihezigo/www/geolearnr.ch/api.php on line 10) in /home/pihezigo/www/geolearnr.ch/api.php on line 702
[04-Jan-2026 01:55:59 Europe/Zurich] PHP Notice:  session_start() [<a href='https://secure.php.net/manual/en/function.session-start.php'>function.session-start.php</a>]: Ignoring session_start() because a session is already active (started from /home/pihezigo/www/geolearnr.ch/api.php on line 10) in /home/pihezigo/www/geolearnr.ch/api.php on line 702
[04-Jan-2026 01:56:00 Europe/Zurich] PHP Notice:  session_start() [<a href='https://secure.php.net/manual/en/function.session-start.php'>function.session-start.php</a>]: Ignoring session_start() because a session is already active (started from /home/pihezigo/www/geolearnr.ch/api.php on line 10) in /home/pihezigo/www/geolearnr.ch/api.php on line 550
[04-Jan-2026 01:56:00 Europe/Zurich] PHP Notice:  session_start() [<a href='https://secure.php.net/manual/en/function.session-start.php'>function.session-start.php</a>]: Ignoring session_start() because a session is already active (started from /home/pihezigo/www/geolearnr.ch/api.php on line 10) in /home/pihezigo/www/geolearnr.ch/api.php on line 702
[04-Jan-2026 02:01:06 Europe/Zurich] PHP Notice:  session_start() [<a href='https://secure.php.net/manual/en/function.session-start.php'>function.session-start.php</a>]: Ignoring session_start() because a session is already active (started from /home/pihezigo/www/geolearnr.ch/api.php on line 10) in /home/pihezigo/www/geolearnr.ch/api.php on line 702
[04-Jan-2026 02:01:12 Europe/Zurich] PHP Notice:  session_start() [<a href='https://secure.php.net/manual/en/function.session-start.php'>function.session-start.php</a>]: Ignoring session_start() because a session is already active (started from /home/pihezigo/www/geolearnr.ch/api.php on line 10) in /home/pihezigo/www/geolearnr.ch/api.php on line 550
[04-Jan-2026 02:01:12 Europe/Zurich] PHP Notice:  session_start() [<a href='https://secure.php.net/manual/en/function.session-start.php'>function.session-start.php</a>]: Ignoring session_start() because a session is already active (started from /home/pihezigo/www/geolearnr.ch/api.php on line 10) in /home/pihezigo/www/geolearnr.ch/api.php on line 702
[04-Jan-2026 02:01:15 Europe/Zurich] PHP Notice:  session_start() [<a href='https://secure.php.net/manual/en/function.session-start.php'>function.session-start.php</a>]: Ignoring session_start() because a session is already active (started from /home/pihezigo/www/geolearnr.ch/api.php on line 10) in /home/pihezigo/www/geolearnr.ch/api.php on line 702
[04-Jan-2026 02:01:20 Europe/Zurich] PHP Notice:  session_start() [<a href='https://secure.php.net/manual/en/function.session-start.php'>function.session-start.php</a>]: Ignoring session_start() because a session is already active (started from /home/pihezigo/www/geolearnr.ch/api.php on line 10) in /home/pihezigo/www/geolearnr.ch/api.php on line 702
[04-Jan-2026 02:01:33 Europe/Zurich] PHP Notice:  session_start() [<a href='https://secure.php.net/manual/en/function.session-start.php'>function.session-start.php</a>]: Ignoring session_start() because a session is already active (started from /home/pihezigo/www/geolearnr.ch/api.php on line 10) in /home/pihezigo/www/geolearnr.ch/api.php on line 702
[04-Jan-2026 02:01:34 Europe/Zurich] PHP Notice:  session_start() [<a href='https://secure.php.net/manual/en/function.session-start.php'>function.session-start.php</a>]: Ignoring session_start() because a session is already active (started from /home/pihezigo/www/geolearnr.ch/api.php on line 10) in /home/pihezigo/www/geolearnr.ch/api.php on line 702
[04-Jan-2026 16:27:20 Europe/Zurich] PHP Notice:  session_start() [<a href='https://secure.php.net/manual/en/function.session-start.php'>function.session-start.php</a>]: Ignoring session_start() because a session is already active (started from /home/pihezigo/www/geolearnr.ch/api.php on line 10) in /home/pihezigo/www/geolearnr.ch/api.php on line 601
[04-Jan-2026 16:27:20 Europe/Zurich] PHP Notice:  session_start() [<a href='https://secure.php.net/manual/en/function.session-start.php'>function.session-start.php</a>]: Ignoring session_start() because a session is already active (started from /home/pihezigo/www/geolearnr.ch/api.php on line 10) in /home/pihezigo/www/geolearnr.ch/api.php on line 753
[04-Jan-2026 16:32:40 Europe/Zurich] PHP Notice:  session_start() [<a href='https://secure.php.net/manual/en/function.session-start.php'>function.session-start.php</a>]: Ignoring session_start() because a session is already active (started from /home/pihezigo/www/geolearnr.ch/api.php on line 10) in /home/pihezigo/www/geolearnr.ch/api.php on line 601
[04-Jan-2026 16:32:40 Europe/Zurich] PHP Notice:  session_start() [<a href='https://secure.php.net/manual/en/function.session-start.php'>function.session-start.php</a>]: Ignoring session_start() because a session is already active (started from /home/pihezigo/www/geolearnr.ch/api.php on line 10) in /home/pihezigo/www/geolearnr.ch/api.php on line 753
[04-Jan-2026 16:33:28 Europe/Zurich] PHP Notice:  session_start() [<a href='https://secure.php.net/manual/en/function.session-start.php'>function.session-start.php</a>]: Ignoring session_start() because a session is already active (started from /home/pihezigo/www/geolearnr.ch/api.php on line 10) in /home/pihezigo/www/geolearnr.ch/api.php on line 601
[04-Jan-2026 16:33:28 Europe/Zurich] PHP Notice:  session_start() [<a href='https://secure.php.net/manual/en/function.session-start.php'>function.session-start.php</a>]: Ignoring session_start() because a session is already active (started from /home/pihezigo/www/geolearnr.ch/api.php on line 10) in /home/pihezigo/www/geolearnr.ch/api.php on line 753
[04-Jan-2026 16:38:21 Europe/Zurich] PHP Notice:  session_start() [<a href='https://secure.php.net/manual/en/function.session-start.php'>function.session-start.php</a>]: Ignoring session_start() because a session is already active (started from /home/pihezigo/www/geolearnr.ch/api.php on line 10) in /home/pihezigo/www/geolearnr.ch/api.php on line 601
[04-Jan-2026 16:38:21 Europe/Zurich] PHP Notice:  session_start() [<a href='https://secure.php.net/manual/en/function.session-start.php'>function.session-start.php</a>]: Ignoring session_start() because a session is already active (started from /home/pihezigo/www/geolearnr.ch/api.php on line 10) in /home/pihezigo/www/geolearnr.ch/api.php on line 753
[04-Jan-2026 16:38:36 Europe/Zurich] PHP Notice:  session_start() [<a href='https://secure.php.net/manual/en/function.session-start.php'>function.session-start.php</a>]: Ignoring session_start() because a session is already active (started from /home/pihezigo/www/geolearnr.ch/api.php on line 10) in /home/pihezigo/www/geolearnr.ch/api.php on line 601
[04-Jan-2026 16:38:36 Europe/Zurich] PHP Notice:  session_start() [<a href='https://secure.php.net/manual/en/function.session-start.php'>function.session-start.php</a>]: Ignoring session_start() because a session is already active (started from /home/pihezigo/www/geolearnr.ch/api.php on line 10) in /home/pihezigo/www/geolearnr.ch/api.php on line 753
[04-Jan-2026 16:39:17 Europe/Zurich] PHP Notice:  session_start() [<a href='https://secure.php.net/manual/en/function.session-start.php'>function.session-start.php</a>]: Ignoring session_start() because a session is already active (started from /home/pihezigo/www/geolearnr.ch/api.php on line 10) in /home/pihezigo/www/geolearnr.ch/api.php on line 601
[04-Jan-2026 16:39:17 Europe/Zurich] PHP Notice:  session_start() [<a href='https://secure.php.net/manual/en/function.session-start.php'>function.session-start.php</a>]: Ignoring session_start() because a session is already active (started from /home/pihezigo/www/geolearnr.ch/api.php on line 10) in /home/pihezigo/www/geolearnr.ch/api.php on line 601
[04-Jan-2026 16:39:18 Europe/Zurich] PHP Notice:  session_start() [<a href='https://secure.php.net/manual/en/function.session-start.php'>function.session-start.php</a>]: Ignoring session_start() because a session is already active (started from /home/pihezigo/www/geolearnr.ch/api.php on line 10) in /home/pihezigo/www/geolearnr.ch/api.php on line 753
[04-Jan-2026 16:41:22 Europe/Zurich] PHP Notice:  session_start() [<a href='https://secure.php.net/manual/en/function.session-start.php'>function.session-start.php</a>]: Ignoring session_start() because a session is already active (started from /home/pihezigo/www/geolearnr.ch/api.php on line 10) in /home/pihezigo/www/geolearnr.ch/api.php on line 601
[04-Jan-2026 16:41:22 Europe/Zurich] PHP Notice:  session_start() [<a href='https://secure.php.net/manual/en/function.session-start.php'>function.session-start.php</a>]: Ignoring session_start() because a session is already active (started from /home/pihezigo/www/geolearnr.ch/api.php on line 10) in /home/pihezigo/www/geolearnr.ch/api.php on line 601
[04-Jan-2026 16:41:22 Europe/Zurich] PHP Notice:  session_start() [<a href='https://secure.php.net/manual/en/function.session-start.php'>function.session-start.php</a>]: Ignoring session_start() because a session is already active (started from /home/pihezigo/www/geolearnr.ch/api.php on line 10) in /home/pihezigo/www/geolearnr.ch/api.php on line 753
[04-Jan-2026 16:41:28 Europe/Zurich] PHP Notice:  session_start() [<a href='https://secure.php.net/manual/en/function.session-start.php'>function.session-start.php</a>]: Ignoring session_start() because a session is already active (started from /home/pihezigo/www/geolearnr.ch/api.php on line 10) in /home/pihezigo/www/geolearnr.ch/api.php on line 753
[04-Jan-2026 16:41:28 Europe/Zurich] PHP Notice:  session_start() [<a href='https://secure.php.net/manual/en/function.session-start.php'>function.session-start.php</a>]: Ignoring session_start() because a session is already active (started from /home/pihezigo/www/geolearnr.ch/api.php on line 10) in /home/pihezigo/www/geolearnr.ch/api.php on line 601
[04-Jan-2026 16:41:32 Europe/Zurich] PHP Notice:  session_start() [<a href='https://secure.php.net/manual/en/function.session-start.php'>function.session-start.php</a>]: Ignoring session_start() because a session is already active (started from /home/pihezigo/www/geolearnr.ch/api.php on line 10) in /home/pihezigo/www/geolearnr.ch/api.php on line 753
[04-Jan-2026 16:41:32 Europe/Zurich] PHP Notice:  session_start() [<a href='https://secure.php.net/manual/en/function.session-start.php'>function.session-start.php</a>]: Ignoring session_start() because a session is already active (started from /home/pihezigo/www/geolearnr.ch/api.php on line 10) in /home/pihezigo/www/geolearnr.ch/api.php on line 601
[04-Jan-2026 16:41:34 Europe/Zurich] PHP Notice:  session_start() [<a href='https://secure.php.net/manual/en/function.session-start.php'>function.session-start.php</a>]: Ignoring session_start() because a session is already active (started from /home/pihezigo/www/geolearnr.ch/api.php on line 10) in /home/pihezigo/www/geolearnr.ch/api.php on line 753
[04-Jan-2026 16:41:34 Europe/Zurich] PHP Notice:  session_start() [<a href='https://secure.php.net/manual/en/function.session-start.php'>function.session-start.php</a>]: Ignoring session_start() because a session is already active (started from /home/pihezigo/www/geolearnr.ch/api.php on line 10) in /home/pihezigo/www/geolearnr.ch/api.php on line 601
[04-Jan-2026 16:42:14 Europe/Zurich] PHP Notice:  session_start() [<a href='https://secure.php.net/manual/en/function.session-start.php'>function.session-start.php</a>]: Ignoring session_start() because a session is already active (started from /home/pihezigo/www/geolearnr.ch/api.php on line 10) in /home/pihezigo/www/geolearnr.ch/api.php on line 753
[04-Jan-2026 16:42:14 Europe/Zurich] PHP Notice:  session_start() [<a href='https://secure.php.net/manual/en/function.session-start.php'>function.session-start.php</a>]: Ignoring session_start() because a session is already active (started from /home/pihezigo/www/geolearnr.ch/api.php on line 10) in /home/pihezigo/www/geolearnr.ch/api.php on line 601
[04-Jan-2026 16:42:22 Europe/Zurich] PHP Notice:  session_start() [<a href='https://secure.php.net/manual/en/function.session-start.php'>function.session-start.php</a>]: Ignoring session_start() because a session is already active (started from /home/pihezigo/www/geolearnr.ch/api.php on line 10) in /home/pihezigo/www/geolearnr.ch/api.php on line 601
[04-Jan-2026 16:42:24 Europe/Zurich] PHP Notice:  session_start() [<a href='https://secure.php.net/manual/en/function.session-start.php'>function.session-start.php</a>]: Ignoring session_start() because a session is already active (started from /home/pihezigo/www/geolearnr.ch/api.php on line 10) in /home/pihezigo/www/geolearnr.ch/api.php on line 601
[04-Jan-2026 16:42:29 Europe/Zurich] PHP Notice:  session_start() [<a href='https://secure.php.net/manual/en/function.session-start.php'>function.session-start.php</a>]: Ignoring session_start() because a session is already active (started from /home/pihezigo/www/geolearnr.ch/api.php on line 10) in /home/pihezigo/www/geolearnr.ch/api.php on line 601
[04-Jan-2026 16:42:33 Europe/Zurich] PHP Notice:  session_start() [<a href='https://secure.php.net/manual/en/function.session-start.php'>function.session-start.php</a>]: Ignoring session_start() because a session is already active (started from /home/pihezigo/www/geolearnr.ch/api.php on line 10) in /home/pihezigo/www/geolearnr.ch/api.php on line 601
[04-Jan-2026 16:42:37 Europe/Zurich] PHP Notice:  session_start() [<a href='https://secure.php.net/manual/en/function.session-start.php'>function.session-start.php</a>]: Ignoring session_start() because a session is already active (started from /home/pihezigo/www/geolearnr.ch/api.php on line 10) in /home/pihezigo/www/geolearnr.ch/api.php on line 601
[04-Jan-2026 16:42:37 Europe/Zurich] PHP Notice:  session_start() [<a href='https://secure.php.net/manual/en/function.session-start.php'>function.session-start.php</a>]: Ignoring session_start() because a session is already active (started from /home/pihezigo/www/geolearnr.ch/api.php on line 10) in /home/pihezigo/www/geolearnr.ch/api.php on line 601
[04-Jan-2026 16:42:37 Europe/Zurich] PHP Notice:  session_start() [<a href='https://secure.php.net/manual/en/function.session-start.php'>function.session-start.php</a>]: Ignoring session_start() because a session is already active (started from /home/pihezigo/www/geolearnr.ch/api.php on line 10) in /home/pihezigo/www/geolearnr.ch/api.php on line 753
[04-Jan-2026 16:45:17 Europe/Zurich] PHP Notice:  session_start() [<a href='https://secure.php.net/manual/en/function.session-start.php'>function.session-start.php</a>]: Ignoring session_start() because a session is already active (started from /home/pihezigo/www/geolearnr.ch/api.php on line 10) in /home/pihezigo/www/geolearnr.ch/api.php on line 601
[04-Jan-2026 16:45:17 Europe/Zurich] PHP Notice:  session_start() [<a href='https://secure.php.net/manual/en/function.session-start.php'>function.session-start.php</a>]: Ignoring session_start() because a session is already active (started from /home/pihezigo/www/geolearnr.ch/api.php on line 10) in /home/pihezigo/www/geolearnr.ch/api.php on line 753
[04-Jan-2026 16:45:17 Europe/Zurich] PHP Notice:  session_start() [<a href='https://secure.php.net/manual/en/function.session-start.php'>function.session-start.php</a>]: Ignoring session_start() because a session is already active (started from /home/pihezigo/www/geolearnr.ch/api.php on line 10) in /home/pihezigo/www/geolearnr.ch/api.php on line 601
[04-Jan-2026 16:45:21 Europe/Zurich] PHP Notice:  session_start() [<a href='https://secure.php.net/manual/en/function.session-start.php'>function.session-start.php</a>]: Ignoring session_start() because a session is already active (started from /home/pihezigo/www/geolearnr.ch/api.php on line 10) in /home/pihezigo/www/geolearnr.ch/api.php on line 601
[04-Jan-2026 16:45:21 Europe/Zurich] PHP Notice:  session_start() [<a href='https://secure.php.net/manual/en/function.session-start.php'>function.session-start.php</a>]: Ignoring session_start() because a session is already active (started from /home/pihezigo/www/geolearnr.ch/api.php on line 10) in /home/pihezigo/www/geolearnr.ch/api.php on line 601
[04-Jan-2026 16:45:21 Europe/Zurich] PHP Notice:  session_start() [<a href='https://secure.php.net/manual/en/function.session-start.php'>function.session-start.php</a>]: Ignoring session_start() because a session is already active (started from /home/pihezigo/www/geolearnr.ch/api.php on line 10) in /home/pihezigo/www/geolearnr.ch/api.php on line 753
[04-Jan-2026 16:45:24 Europe/Zurich] PHP Notice:  session_start() [<a href='https://secure.php.net/manual/en/function.session-start.php'>function.session-start.php</a>]: Ignoring session_start() because a session is already active (started from /home/pihezigo/www/geolearnr.ch/api.php on line 10) in /home/pihezigo/www/geolearnr.ch/api.php on line 601
[04-Jan-2026 16:45:27 Europe/Zurich] PHP Notice:  session_start() [<a href='https://secure.php.net/manual/en/function.session-start.php'>function.session-start.php</a>]: Ignoring session_start() because a session is already active (started from /home/pihezigo/www/geolearnr.ch/api.php on line 10) in /home/pihezigo/www/geolearnr.ch/api.php on line 601
[04-Jan-2026 16:45:27 Europe/Zurich] PHP Notice:  session_start() [<a href='https://secure.php.net/manual/en/function.session-start.php'>function.session-start.php</a>]: Ignoring session_start() because a session is already active (started from /home/pihezigo/www/geolearnr.ch/api.php on line 10) in /home/pihezigo/www/geolearnr.ch/api.php on line 601
[04-Jan-2026 16:45:27 Europe/Zurich] PHP Notice:  session_start() [<a href='https://secure.php.net/manual/en/function.session-start.php'>function.session-start.php</a>]: Ignoring session_start() because a session is already active (started from /home/pihezigo/www/geolearnr.ch/api.php on line 10) in /home/pihezigo/www/geolearnr.ch/api.php on line 753
[04-Jan-2026 16:48:00 Europe/Zurich] PHP Notice:  session_start() [<a href='https://secure.php.net/manual/en/function.session-start.php'>function.session-start.php</a>]: Ignoring session_start() because a session is already active (started from /home/pihezigo/www/geolearnr.ch/api.php on line 10) in /home/pihezigo/www/geolearnr.ch/api.php on line 601
[04-Jan-2026 16:48:00 Europe/Zurich] PHP Notice:  session_start() [<a href='https://secure.php.net/manual/en/function.session-start.php'>function.session-start.php</a>]: Ignoring session_start() because a session is already active (started from /home/pihezigo/www/geolearnr.ch/api.php on line 10) in /home/pihezigo/www/geolearnr.ch/api.php on line 601
[04-Jan-2026 16:48:00 Europe/Zurich] PHP Notice:  session_start() [<a href='https://secure.php.net/manual/en/function.session-start.php'>function.session-start.php</a>]: Ignoring session_start() because a session is already active (started from /home/pihezigo/www/geolearnr.ch/api.php on line 10) in /home/pihezigo/www/geolearnr.ch/api.php on line 753
[04-Jan-2026 16:48:02 Europe/Zurich] PHP Notice:  session_start() [<a href='https://secure.php.net/manual/en/function.session-start.php'>function.session-start.php</a>]: Ignoring session_start() because a session is already active (started from /home/pihezigo/www/geolearnr.ch/api.php on line 10) in /home/pihezigo/www/geolearnr.ch/api.php on line 601
[04-Jan-2026 16:53:40 Europe/Zurich] PHP Notice:  session_start() [<a href='https://secure.php.net/manual/en/function.session-start.php'>function.session-start.php</a>]: Ignoring session_start() because a session is already active (started from /home/pihezigo/www/geolearnr.ch/api.php on line 10) in /home/pihezigo/www/geolearnr.ch/api.php on line 615
[04-Jan-2026 16:56:13 Europe/Zurich] PHP Notice:  session_start() [<a href='https://secure.php.net/manual/en/function.session-start.php'>function.session-start.php</a>]: Ignoring session_start() because a session is already active (started from /home/pihezigo/www/geolearnr.ch/api.php on line 10) in /home/pihezigo/www/geolearnr.ch/api.php on line 601
[04-Jan-2026 16:56:19 Europe/Zurich] PHP Notice:  session_start() [<a href='https://secure.php.net/manual/en/function.session-start.php'>function.session-start.php</a>]: Ignoring session_start() because a session is already active (started from /home/pihezigo/www/geolearnr.ch/api.php on line 10) in /home/pihezigo/www/geolearnr.ch/api.php on line 616
[04-Jan-2026 16:57:49 Europe/Zurich] PHP Notice:  session_start() [<a href='https://secure.php.net/manual/en/function.session-start.php'>function.session-start.php</a>]: Ignoring session_start() because a session is already active (started from /home/pihezigo/www/geolearnr.ch/api.php on line 10) in /home/pihezigo/www/geolearnr.ch/api.php on line 616
[04-Jan-2026 16:57:50 Europe/Zurich] PHP Notice:  session_start() [<a href='https://secure.php.net/manual/en/function.session-start.php'>function.session-start.php</a>]: Ignoring session_start() because a session is already active (started from /home/pihezigo/www/geolearnr.ch/api.php on line 10) in /home/pihezigo/www/geolearnr.ch/api.php on line 601
[04-Jan-2026 16:57:50 Europe/Zurich] PHP Notice:  session_start() [<a href='https://secure.php.net/manual/en/function.session-start.php'>function.session-start.php</a>]: Ignoring session_start() because a session is already active (started from /home/pihezigo/www/geolearnr.ch/api.php on line 10) in /home/pihezigo/www/geolearnr.ch/api.php on line 601
[04-Jan-2026 16:57:55 Europe/Zurich] PHP Notice:  session_start() [<a href='https://secure.php.net/manual/en/function.session-start.php'>function.session-start.php</a>]: Ignoring session_start() because a session is already active (started from /home/pihezigo/www/geolearnr.ch/api.php on line 10) in /home/pihezigo/www/geolearnr.ch/api.php on line 601
[04-Jan-2026 16:57:55 Europe/Zurich] PHP Notice:  session_start() [<a href='https://secure.php.net/manual/en/function.session-start.php'>function.session-start.php</a>]: Ignoring session_start() because a session is already active (started from /home/pihezigo/www/geolearnr.ch/api.php on line 10) in /home/pihezigo/www/geolearnr.ch/api.php on line 601
[04-Jan-2026 16:59:29 Europe/Zurich] PHP Notice:  session_start() [<a href='https://secure.php.net/manual/en/function.session-start.php'>function.session-start.php</a>]: Ignoring session_start() because a session is already active (started from /home/pihezigo/www/geolearnr.ch/api.php on line 10) in /home/pihezigo/www/geolearnr.ch/api.php on line 601
[04-Jan-2026 16:59:34 Europe/Zurich] PHP Notice:  session_start() [<a href='https://secure.php.net/manual/en/function.session-start.php'>function.session-start.php</a>]: Ignoring session_start() because a session is already active (started from /home/pihezigo/www/geolearnr.ch/api.php on line 10) in /home/pihezigo/www/geolearnr.ch/api.php on line 601
[04-Jan-2026 16:59:53 Europe/Zurich] PHP Notice:  session_start() [<a href='https://secure.php.net/manual/en/function.session-start.php'>function.session-start.php</a>]: Ignoring session_start() because a session is already active (started from /home/pihezigo/www/geolearnr.ch/api.php on line 10) in /home/pihezigo/www/geolearnr.ch/api.php on line 601
[04-Jan-2026 16:59:56 Europe/Zurich] PHP Notice:  session_start() [<a href='https://secure.php.net/manual/en/function.session-start.php'>function.session-start.php</a>]: Ignoring session_start() because a session is already active (started from /home/pihezigo/www/geolearnr.ch/api.php on line 10) in /home/pihezigo/www/geolearnr.ch/api.php on line 601
[04-Jan-2026 17:00:57 Europe/Zurich] PHP Notice:  session_start() [<a href='https://secure.php.net/manual/en/function.session-start.php'>function.session-start.php</a>]: Ignoring session_start() because a session is already active (started from /home/pihezigo/www/geolearnr.ch/api.php on line 10) in /home/pihezigo/www/geolearnr.ch/api.php on line 601
[04-Jan-2026 17:12:12 Europe/Zurich] PHP Notice:  session_start() [<a href='https://secure.php.net/manual/en/function.session-start.php'>function.session-start.php</a>]: Ignoring session_start() because a session is already active (started from /home/pihezigo/www/geolearnr.ch/api.php on line 10) in /home/pihezigo/www/geolearnr.ch/api.php on line 601
[04-Jan-2026 17:12:17 Europe/Zurich] PHP Notice:  session_start() [<a href='https://secure.php.net/manual/en/function.session-start.php'>function.session-start.php</a>]: Ignoring session_start() because a session is already active (started from /home/pihezigo/www/geolearnr.ch/api.php on line 10) in /home/pihezigo/www/geolearnr.ch/api.php on line 601
[04-Jan-2026 17:12:22 Europe/Zurich] PHP Notice:  session_start() [<a href='https://secure.php.net/manual/en/function.session-start.php'>function.session-start.php</a>]: Ignoring session_start() because a session is already active (started from /home/pihezigo/www/geolearnr.ch/api.php on line 10) in /home/pihezigo/www/geolearnr.ch/api.php on line 601
[04-Jan-2026 17:12:30 Europe/Zurich] PHP Notice:  session_start() [<a href='https://secure.php.net/manual/en/function.session-start.php'>function.session-start.php</a>]: Ignoring session_start() because a session is already active (started from /home/pihezigo/www/geolearnr.ch/api.php on line 10) in /home/pihezigo/www/geolearnr.ch/api.php on line 601
[04-Jan-2026 17:13:02 Europe/Zurich] PHP Notice:  session_start() [<a href='https://secure.php.net/manual/en/function.session-start.php'>function.session-start.php</a>]: Ignoring session_start() because a session is already active (started from /home/pihezigo/www/geolearnr.ch/api.php on line 10) in /home/pihezigo/www/geolearnr.ch/api.php on line 601
[04-Jan-2026 17:14:25 Europe/Zurich] PHP Notice:  session_start() [<a href='https://secure.php.net/manual/en/function.session-start.php'>function.session-start.php</a>]: Ignoring session_start() because a session is already active (started from /home/pihezigo/www/geolearnr.ch/api.php on line 10) in /home/pihezigo/www/geolearnr.ch/api.php on line 601
[04-Jan-2026 17:14:29 Europe/Zurich] PHP Notice:  session_start() [<a href='https://secure.php.net/manual/en/function.session-start.php'>function.session-start.php</a>]: Ignoring session_start() because a session is already active (started from /home/pihezigo/www/geolearnr.ch/api.php on line 10) in /home/pihezigo/www/geolearnr.ch/api.php on line 601
[04-Jan-2026 17:16:02 Europe/Zurich] PHP Notice:  session_start() [<a href='https://secure.php.net/manual/en/function.session-start.php'>function.session-start.php</a>]: Ignoring session_start() because a session is already active (started from /home/pihezigo/www/geolearnr.ch/api.php on line 10) in /home/pihezigo/www/geolearnr.ch/api.php on line 601
[04-Jan-2026 17:17:37 Europe/Zurich] PHP Notice:  session_start() [<a href='https://secure.php.net/manual/en/function.session-start.php'>function.session-start.php</a>]: Ignoring session_start() because a session is already active (started from /home/pihezigo/www/geolearnr.ch/api.php on line 10) in /home/pihezigo/www/geolearnr.ch/api.php on line 601
[04-Jan-2026 17:17:43 Europe/Zurich] PHP Notice:  session_start() [<a href='https://secure.php.net/manual/en/function.session-start.php'>function.session-start.php</a>]: Ignoring session_start() because a session is already active (started from /home/pihezigo/www/geolearnr.ch/api.php on line 10) in /home/pihezigo/www/geolearnr.ch/api.php on line 601
[04-Jan-2026 17:17:47 Europe/Zurich] PHP Notice:  session_start() [<a href='https://secure.php.net/manual/en/function.session-start.php'>function.session-start.php</a>]: Ignoring session_start() because a session is already active (started from /home/pihezigo/www/geolearnr.ch/api.php on line 10) in /home/pihezigo/www/geolearnr.ch/api.php on line 601
[04-Jan-2026 17:17:50 Europe/Zurich] PHP Notice:  session_start() [<a href='https://secure.php.net/manual/en/function.session-start.php'>function.session-start.php</a>]: Ignoring session_start() because a session is already active (started from /home/pihezigo/www/geolearnr.ch/api.php on line 10) in /home/pihezigo/www/geolearnr.ch/api.php on line 601
[04-Jan-2026 17:17:50 Europe/Zurich] PHP Notice:  session_start() [<a href='https://secure.php.net/manual/en/function.session-start.php'>function.session-start.php</a>]: Ignoring session_start() because a session is already active (started from /home/pihezigo/www/geolearnr.ch/api.php on line 10) in /home/pihezigo/www/geolearnr.ch/api.php on line 759
[04-Jan-2026 17:17:53 Europe/Zurich] PHP Notice:  session_start() [<a href='https://secure.php.net/manual/en/function.session-start.php'>function.session-start.php</a>]: Ignoring session_start() because a session is already active (started from /home/pihezigo/www/geolearnr.ch/api.php on line 10) in /home/pihezigo/www/geolearnr.ch/api.php on line 601
[04-Jan-2026 17:17:56 Europe/Zurich] PHP Notice:  session_start() [<a href='https://secure.php.net/manual/en/function.session-start.php'>function.session-start.php</a>]: Ignoring session_start() because a session is already active (started from /home/pihezigo/www/geolearnr.ch/api.php on line 10) in /home/pihezigo/www/geolearnr.ch/api.php on line 601
[04-Jan-2026 17:17:56 Europe/Zurich] PHP Notice:  session_start() [<a href='https://secure.php.net/manual/en/function.session-start.php'>function.session-start.php</a>]: Ignoring session_start() because a session is already active (started from /home/pihezigo/www/geolearnr.ch/api.php on line 10) in /home/pihezigo/www/geolearnr.ch/api.php on line 601
[04-Jan-2026 17:26:14 Europe/Zurich] PHP Notice:  session_start() [<a href='https://secure.php.net/manual/en/function.session-start.php'>function.session-start.php</a>]: Ignoring session_start() because a session is already active (started from /home/pihezigo/www/geolearnr.ch/api.php on line 10) in /home/pihezigo/www/geolearnr.ch/api.php on line 759
[04-Jan-2026 17:26:14 Europe/Zurich] PHP Notice:  session_start() [<a href='https://secure.php.net/manual/en/function.session-start.php'>function.session-start.php</a>]: Ignoring session_start() because a session is already active (started from /home/pihezigo/www/geolearnr.ch/api.php on line 10) in /home/pihezigo/www/geolearnr.ch/api.php on line 601
[04-Jan-2026 17:26:20 Europe/Zurich] PHP Notice:  session_start() [<a href='https://secure.php.net/manual/en/function.session-start.php'>function.session-start.php</a>]: Ignoring session_start() because a session is already active (started from /home/pihezigo/www/geolearnr.ch/api.php on line 10) in /home/pihezigo/www/geolearnr.ch/api.php on line 601
[04-Jan-2026 17:26:20 Europe/Zurich] PHP Notice:  session_start() [<a href='https://secure.php.net/manual/en/function.session-start.php'>function.session-start.php</a>]: Ignoring session_start() because a session is already active (started from /home/pihezigo/www/geolearnr.ch/api.php on line 10) in /home/pihezigo/www/geolearnr.ch/api.php on line 759
[04-Jan-2026 17:26:58 Europe/Zurich] PHP Notice:  session_start() [<a href='https://secure.php.net/manual/en/function.session-start.php'>function.session-start.php</a>]: Ignoring session_start() because a session is already active (started from /home/pihezigo/www/geolearnr.ch/api.php on line 10) in /home/pihezigo/www/geolearnr.ch/api.php on line 601
[04-Jan-2026 17:26:59 Europe/Zurich] PHP Notice:  session_start() [<a href='https://secure.php.net/manual/en/function.session-start.php'>function.session-start.php</a>]: Ignoring session_start() because a session is already active (started from /home/pihezigo/www/geolearnr.ch/api.php on line 10) in /home/pihezigo/www/geolearnr.ch/api.php on line 759
[04-Jan-2026 17:27:34 Europe/Zurich] PHP Notice:  session_start() [<a href='https://secure.php.net/manual/en/function.session-start.php'>function.session-start.php</a>]: Ignoring session_start() because a session is already active (started from /home/pihezigo/www/geolearnr.ch/api.php on line 10) in /home/pihezigo/www/geolearnr.ch/api.php on line 759
[04-Jan-2026 17:27:34 Europe/Zurich] PHP Notice:  session_start() [<a href='https://secure.php.net/manual/en/function.session-start.php'>function.session-start.php</a>]: Ignoring session_start() because a session is already active (started from /home/pihezigo/www/geolearnr.ch/api.php on line 10) in /home/pihezigo/www/geolearnr.ch/api.php on line 601
[04-Jan-2026 17:27:43 Europe/Zurich] PHP Notice:  session_start() [<a href='https://secure.php.net/manual/en/function.session-start.php'>function.session-start.php</a>]: Ignoring session_start() because a session is already active (started from /home/pihezigo/www/geolearnr.ch/api.php on line 10) in /home/pihezigo/www/geolearnr.ch/api.php on line 654
[04-Jan-2026 17:27:44 Europe/Zurich] PHP Notice:  session_start() [<a href='https://secure.php.net/manual/en/function.session-start.php'>function.session-start.php</a>]: Ignoring session_start() because a session is already active (started from /home/pihezigo/www/geolearnr.ch/api.php on line 10) in /home/pihezigo/www/geolearnr.ch/api.php on line 601
[04-Jan-2026 17:27:52 Europe/Zurich] PHP Notice:  session_start() [<a href='https://secure.php.net/manual/en/function.session-start.php'>function.session-start.php</a>]: Ignoring session_start() because a session is already active (started from /home/pihezigo/www/geolearnr.ch/api.php on line 10) in /home/pihezigo/www/geolearnr.ch/api.php on line 759
[04-Jan-2026 17:27:52 Europe/Zurich] PHP Notice:  session_start() [<a href='https://secure.php.net/manual/en/function.session-start.php'>function.session-start.php</a>]: Ignoring session_start() because a session is already active (started from /home/pihezigo/www/geolearnr.ch/api.php on line 10) in /home/pihezigo/www/geolearnr.ch/api.php on line 601
[04-Jan-2026 17:27:54 Europe/Zurich] PHP Notice:  session_start() [<a href='https://secure.php.net/manual/en/function.session-start.php'>function.session-start.php</a>]: Ignoring session_start() because a session is already active (started from /home/pihezigo/www/geolearnr.ch/api.php on line 10) in /home/pihezigo/www/geolearnr.ch/api.php on line 601
[04-Jan-2026 17:28:22 Europe/Zurich] PHP Notice:  session_start() [<a href='https://secure.php.net/manual/en/function.session-start.php'>function.session-start.php</a>]: Ignoring session_start() because a session is already active (started from /home/pihezigo/www/geolearnr.ch/api.php on line 10) in /home/pihezigo/www/geolearnr.ch/api.php on line 601
[04-Jan-2026 17:28:24 Europe/Zurich] PHP Notice:  session_start() [<a href='https://secure.php.net/manual/en/function.session-start.php'>function.session-start.php</a>]: Ignoring session_start() because a session is already active (started from /home/pihezigo/www/geolearnr.ch/api.php on line 10) in /home/pihezigo/www/geolearnr.ch/api.php on line 601
[04-Jan-2026 17:29:52 Europe/Zurich] PHP Notice:  session_start() [<a href='https://secure.php.net/manual/en/function.session-start.php'>function.session-start.php</a>]: Ignoring session_start() because a session is already active (started from /home/pihezigo/www/geolearnr.ch/api.php on line 10) in /home/pihezigo/www/geolearnr.ch/api.php on line 601
[04-Jan-2026 17:29:58 Europe/Zurich] PHP Notice:  session_start() [<a href='https://secure.php.net/manual/en/function.session-start.php'>function.session-start.php</a>]: Ignoring session_start() because a session is already active (started from /home/pihezigo/www/geolearnr.ch/api.php on line 10) in /home/pihezigo/www/geolearnr.ch/api.php on line 601
[04-Jan-2026 17:30:01 Europe/Zurich] PHP Notice:  session_start() [<a href='https://secure.php.net/manual/en/function.session-start.php'>function.session-start.php</a>]: Ignoring session_start() because a session is already active (started from /home/pihezigo/www/geolearnr.ch/api.php on line 10) in /home/pihezigo/www/geolearnr.ch/api.php on line 601
[04-Jan-2026 17:30:11 Europe/Zurich] PHP Notice:  session_start() [<a href='https://secure.php.net/manual/en/function.session-start.php'>function.session-start.php</a>]: Ignoring session_start() because a session is already active (started from /home/pihezigo/www/geolearnr.ch/api.php on line 10) in /home/pihezigo/www/geolearnr.ch/api.php on line 601
[04-Jan-2026 17:30:32 Europe/Zurich] PHP Notice:  session_start() [<a href='https://secure.php.net/manual/en/function.session-start.php'>function.session-start.php</a>]: Ignoring session_start() because a session is already active (started from /home/pihezigo/www/geolearnr.ch/api.php on line 10) in /home/pihezigo/www/geolearnr.ch/api.php on line 601
[04-Jan-2026 17:30:34 Europe/Zurich] PHP Notice:  session_start() [<a href='https://secure.php.net/manual/en/function.session-start.php'>function.session-start.php</a>]: Ignoring session_start() because a session is already active (started from /home/pihezigo/www/geolearnr.ch/api.php on line 10) in /home/pihezigo/www/geolearnr.ch/api.php on line 601
[04-Jan-2026 17:30:39 Europe/Zurich] PHP Notice:  session_start() [<a href='https://secure.php.net/manual/en/function.session-start.php'>function.session-start.php</a>]: Ignoring session_start() because a session is already active (started from /home/pihezigo/www/geolearnr.ch/api.php on line 10) in /home/pihezigo/www/geolearnr.ch/api.php on line 601
[04-Jan-2026 17:31:11 Europe/Zurich] PHP Notice:  session_start() [<a href='https://secure.php.net/manual/en/function.session-start.php'>function.session-start.php</a>]: Ignoring session_start() because a session is already active (started from /home/pihezigo/www/geolearnr.ch/api.php on line 10) in /home/pihezigo/www/geolearnr.ch/api.php on line 601
[04-Jan-2026 17:31:49 Europe/Zurich] PHP Notice:  session_start() [<a href='https://secure.php.net/manual/en/function.session-start.php'>function.session-start.php</a>]: Ignoring session_start() because a session is already active (started from /home/pihezigo/www/geolearnr.ch/api.php on line 10) in /home/pihezigo/www/geolearnr.ch/api.php on line 601
[04-Jan-2026 17:31:58 Europe/Zurich] PHP Notice:  session_start() [<a href='https://secure.php.net/manual/en/function.session-start.php'>function.session-start.php</a>]: Ignoring session_start() because a session is already active (started from /home/pihezigo/www/geolearnr.ch/api.php on line 10) in /home/pihezigo/www/geolearnr.ch/api.php on line 616
[04-Jan-2026 17:32:01 Europe/Zurich] PHP Notice:  session_start() [<a href='https://secure.php.net/manual/en/function.session-start.php'>function.session-start.php</a>]: Ignoring session_start() because a session is already active (started from /home/pihezigo/www/geolearnr.ch/api.php on line 10) in /home/pihezigo/www/geolearnr.ch/api.php on line 759
[04-Jan-2026 17:32:01 Europe/Zurich] PHP Notice:  session_start() [<a href='https://secure.php.net/manual/en/function.session-start.php'>function.session-start.php</a>]: Ignoring session_start() because a session is already active (started from /home/pihezigo/www/geolearnr.ch/api.php on line 10) in /home/pihezigo/www/geolearnr.ch/api.php on line 601
[04-Jan-2026 17:34:23 Europe/Zurich] PHP Notice:  session_start() [<a href='https://secure.php.net/manual/en/function.session-start.php'>function.session-start.php</a>]: Ignoring session_start() because a session is already active (started from /home/pihezigo/www/geolearnr.ch/api.php on line 10) in /home/pihezigo/www/geolearnr.ch/api.php on line 601
[04-Jan-2026 17:34:26 Europe/Zurich] PHP Notice:  session_start() [<a href='https://secure.php.net/manual/en/function.session-start.php'>function.session-start.php</a>]: Ignoring session_start() because a session is already active (started from /home/pihezigo/www/geolearnr.ch/api.php on line 10) in /home/pihezigo/www/geolearnr.ch/api.php on line 601
[04-Jan-2026 17:34:29 Europe/Zurich] PHP Notice:  session_start() [<a href='https://secure.php.net/manual/en/function.session-start.php'>function.session-start.php</a>]: Ignoring session_start() because a session is already active (started from /home/pihezigo/www/geolearnr.ch/api.php on line 10) in /home/pihezigo/www/geolearnr.ch/api.php on line 759
[04-Jan-2026 17:34:30 Europe/Zurich] PHP Notice:  session_start() [<a href='https://secure.php.net/manual/en/function.session-start.php'>function.session-start.php</a>]: Ignoring session_start() because a session is already active (started from /home/pihezigo/www/geolearnr.ch/api.php on line 10) in /home/pihezigo/www/geolearnr.ch/api.php on line 601
[04-Jan-2026 17:35:02 Europe/Zurich] PHP Notice:  session_start() [<a href='https://secure.php.net/manual/en/function.session-start.php'>function.session-start.php</a>]: Ignoring session_start() because a session is already active (started from /home/pihezigo/www/geolearnr.ch/api.php on line 10) in /home/pihezigo/www/geolearnr.ch/api.php on line 759
[04-Jan-2026 17:35:02 Europe/Zurich] PHP Notice:  session_start() [<a href='https://secure.php.net/manual/en/function.session-start.php'>function.session-start.php</a>]: Ignoring session_start() because a session is already active (started from /home/pihezigo/www/geolearnr.ch/api.php on line 10) in /home/pihezigo/www/geolearnr.ch/api.php on line 601
[04-Jan-2026 17:35:03 Europe/Zurich] PHP Notice:  session_start() [<a href='https://secure.php.net/manual/en/function.session-start.php'>function.session-start.php</a>]: Ignoring session_start() because a session is already active (started from /home/pihezigo/www/geolearnr.ch/api.php on line 10) in /home/pihezigo/www/geolearnr.ch/api.php on line 601
[04-Jan-2026 17:35:03 Europe/Zurich] PHP Notice:  session_start() [<a href='https://secure.php.net/manual/en/function.session-start.php'>function.session-start.php</a>]: Ignoring session_start() because a session is already active (started from /home/pihezigo/www/geolearnr.ch/api.php on line 10) in /home/pihezigo/www/geolearnr.ch/api.php on line 759
[04-Jan-2026 17:45:29 Europe/Zurich] PHP Notice:  session_start() [<a href='https://secure.php.net/manual/en/function.session-start.php'>function.session-start.php</a>]: Ignoring session_start() because a session is already active (started from /home/pihezigo/www/geolearnr.ch/api.php on line 10) in /home/pihezigo/www/geolearnr.ch/api.php on line 773
[04-Jan-2026 17:45:29 Europe/Zurich] PHP Notice:  session_start() [<a href='https://secure.php.net/manual/en/function.session-start.php'>function.session-start.php</a>]: Ignoring session_start() because a session is already active (started from /home/pihezigo/www/geolearnr.ch/api.php on line 10) in /home/pihezigo/www/geolearnr.ch/api.php on line 601
[04-Jan-2026 17:45:34 Europe/Zurich] PHP Notice:  session_start() [<a href='https://secure.php.net/manual/en/function.session-start.php'>function.session-start.php</a>]: Ignoring session_start() because a session is already active (started from /home/pihezigo/www/geolearnr.ch/api.php on line 10) in /home/pihezigo/www/geolearnr.ch/api.php on line 773
[04-Jan-2026 17:45:34 Europe/Zurich] PHP Notice:  session_start() [<a href='https://secure.php.net/manual/en/function.session-start.php'>function.session-start.php</a>]: Ignoring session_start() because a session is already active (started from /home/pihezigo/www/geolearnr.ch/api.php on line 10) in /home/pihezigo/www/geolearnr.ch/api.php on line 601
[04-Jan-2026 17:49:25 Europe/Zurich] PHP Notice:  session_start() [<a href='https://secure.php.net/manual/en/function.session-start.php'>function.session-start.php</a>]: Ignoring session_start() because a session is already active (started from /home/pihezigo/www/geolearnr.ch/api.php on line 10) in /home/pihezigo/www/geolearnr.ch/api.php on line 773
[04-Jan-2026 17:49:25 Europe/Zurich] PHP Notice:  session_start() [<a href='https://secure.php.net/manual/en/function.session-start.php'>function.session-start.php</a>]: Ignoring session_start() because a session is already active (started from /home/pihezigo/www/geolearnr.ch/api.php on line 10) in /home/pihezigo/www/geolearnr.ch/api.php on line 601
[04-Jan-2026 18:17:49 Europe/Zurich] PHP Notice:  session_start() [<a href='https://secure.php.net/manual/en/function.session-start.php'>function.session-start.php</a>]: Ignoring session_start() because a session is already active (started from /home/pihezigo/www/geolearnr.ch/api.php on line 10) in /home/pihezigo/www/geolearnr.ch/api.php on line 773
[04-Jan-2026 18:17:49 Europe/Zurich] PHP Notice:  session_start() [<a href='https://secure.php.net/manual/en/function.session-start.php'>function.session-start.php</a>]: Ignoring session_start() because a session is already active (started from /home/pihezigo/www/geolearnr.ch/api.php on line 10) in /home/pihezigo/www/geolearnr.ch/api.php on line 601
[04-Jan-2026 18:21:57 Europe/Zurich] PHP Notice:  session_start() [<a href='https://secure.php.net/manual/en/function.session-start.php'>function.session-start.php</a>]: Ignoring session_start() because a session is already active (started from /home/pihezigo/www/geolearnr.ch/api.php on line 20) in /home/pihezigo/www/geolearnr.ch/api.php on line 687
[04-Jan-2026 18:25:14 Europe/Zurich] PHP Notice:  session_start() [<a href='https://secure.php.net/manual/en/function.session-start.php'>function.session-start.php</a>]: Ignoring session_start() because a session is already active (started from /home/pihezigo/www/geolearnr.ch/api.php on line 20) in /home/pihezigo/www/geolearnr.ch/api.php on line 798
[04-Jan-2026 18:25:14 Europe/Zurich] PHP Notice:  session_start() [<a href='https://secure.php.net/manual/en/function.session-start.php'>function.session-start.php</a>]: Ignoring session_start() because a session is already active (started from /home/pihezigo/www/geolearnr.ch/api.php on line 20) in /home/pihezigo/www/geolearnr.ch/api.php on line 612
[04-Jan-2026 18:25:20 Europe/Zurich] PHP Notice:  session_start() [<a href='https://secure.php.net/manual/en/function.session-start.php'>function.session-start.php</a>]: Ignoring session_start() because a session is already active (started from /home/pihezigo/www/geolearnr.ch/api.php on line 20) in /home/pihezigo/www/geolearnr.ch/api.php on line 798
[04-Jan-2026 18:25:20 Europe/Zurich] PHP Notice:  session_start() [<a href='https://secure.php.net/manual/en/function.session-start.php'>function.session-start.php</a>]: Ignoring session_start() because a session is already active (started from /home/pihezigo/www/geolearnr.ch/api.php on line 20) in /home/pihezigo/www/geolearnr.ch/api.php on line 612
[04-Jan-2026 18:25:27 Europe/Zurich] PHP Notice:  session_start() [<a href='https://secure.php.net/manual/en/function.session-start.php'>function.session-start.php</a>]: Ignoring session_start() because a session is already active (started from /home/pihezigo/www/geolearnr.ch/api.php on line 20) in /home/pihezigo/www/geolearnr.ch/api.php on line 689
[04-Jan-2026 18:28:55 Europe/Zurich] PHP Notice:  session_start() [<a href='https://secure.php.net/manual/en/function.session-start.php'>function.session-start.php</a>]: Ignoring session_start() because a session is already active (started from /home/pihezigo/www/geolearnr.ch/api.php on line 20) in /home/pihezigo/www/geolearnr.ch/api.php on line 798
[04-Jan-2026 18:28:55 Europe/Zurich] PHP Notice:  session_start() [<a href='https://secure.php.net/manual/en/function.session-start.php'>function.session-start.php</a>]: Ignoring session_start() because a session is already active (started from /home/pihezigo/www/geolearnr.ch/api.php on line 20) in /home/pihezigo/www/geolearnr.ch/api.php on line 612
[04-Jan-2026 18:29:23 Europe/Zurich] PHP Notice:  session_start() [<a href='https://secure.php.net/manual/en/function.session-start.php'>function.session-start.php</a>]: Ignoring session_start() because a session is already active (started from /home/pihezigo/www/geolearnr.ch/api.php on line 20) in /home/pihezigo/www/geolearnr.ch/api.php on line 679
[04-Jan-2026 18:29:28 Europe/Zurich] PHP Notice:  session_start() [<a href='https://secure.php.net/manual/en/function.session-start.php'>function.session-start.php</a>]: Ignoring session_start() because a session is already active (started from /home/pihezigo/www/geolearnr.ch/api.php on line 20) in /home/pihezigo/www/geolearnr.ch/api.php on line 612
[04-Jan-2026 18:29:39 Europe/Zurich] PHP Notice:  session_start() [<a href='https://secure.php.net/manual/en/function.session-start.php'>function.session-start.php</a>]: Ignoring session_start() because a session is already active (started from /home/pihezigo/www/geolearnr.ch/api.php on line 20) in /home/pihezigo/www/geolearnr.ch/api.php on line 629
[04-Jan-2026 18:29:41 Europe/Zurich] PHP Notice:  session_start() [<a href='https://secure.php.net/manual/en/function.session-start.php'>function.session-start.php</a>]: Ignoring session_start() because a session is already active (started from /home/pihezigo/www/geolearnr.ch/api.php on line 20) in /home/pihezigo/www/geolearnr.ch/api.php on line 612
[04-Jan-2026 18:29:41 Europe/Zurich] PHP Notice:  session_start() [<a href='https://secure.php.net/manual/en/function.session-start.php'>function.session-start.php</a>]: Ignoring session_start() because a session is already active (started from /home/pihezigo/www/geolearnr.ch/api.php on line 20) in /home/pihezigo/www/geolearnr.ch/api.php on line 797
[04-Jan-2026 20:11:51 Europe/Zurich] PHP Notice:  session_start() [<a href='https://secure.php.net/manual/en/function.session-start.php'>function.session-start.php</a>]: Ignoring session_start() because a session is already active (started from /home/pihezigo/www/geolearnr.ch/api.php on line 20) in /home/pihezigo/www/geolearnr.ch/api.php on line 797
[04-Jan-2026 20:11:51 Europe/Zurich] PHP Notice:  session_start() [<a href='https://secure.php.net/manual/en/function.session-start.php'>function.session-start.php</a>]: Ignoring session_start() because a session is already active (started from /home/pihezigo/www/geolearnr.ch/api.php on line 20) in /home/pihezigo/www/geolearnr.ch/api.php on line 612
[04-Jan-2026 20:11:59 Europe/Zurich] PHP Notice:  session_start() [<a href='https://secure.php.net/manual/en/function.session-start.php'>function.session-start.php</a>]: Ignoring session_start() because a session is already active (started from /home/pihezigo/www/geolearnr.ch/api.php on line 20) in /home/pihezigo/www/geolearnr.ch/api.php on line 797
[04-Jan-2026 20:11:59 Europe/Zurich] PHP Notice:  session_start() [<a href='https://secure.php.net/manual/en/function.session-start.php'>function.session-start.php</a>]: Ignoring session_start() because a session is already active (started from /home/pihezigo/www/geolearnr.ch/api.php on line 20) in /home/pihezigo/www/geolearnr.ch/api.php on line 612
[04-Jan-2026 20:23:32 Europe/Zurich] PHP Notice:  session_start() [<a href='https://secure.php.net/manual/en/function.session-start.php'>function.session-start.php</a>]: Ignoring session_start() because a session is already active (started from /home/pihezigo/www/geolearnr.ch/api.php on line 20) in /home/pihezigo/www/geolearnr.ch/api.php on line 797
[04-Jan-2026 20:23:32 Europe/Zurich] PHP Notice:  session_start() [<a href='https://secure.php.net/manual/en/function.session-start.php'>function.session-start.php</a>]: Ignoring session_start() because a session is already active (started from /home/pihezigo/www/geolearnr.ch/api.php on line 20) in /home/pihezigo/www/geolearnr.ch/api.php on line 612
[04-Jan-2026 20:35:52 Europe/Zurich] PHP Notice:  session_start() [<a href='https://secure.php.net/manual/en/function.session-start.php'>function.session-start.php</a>]: Ignoring session_start() because a session is already active (started from /home/pihezigo/www/geolearnr.ch/api.php on line 20) in /home/pihezigo/www/geolearnr.ch/api.php on line 794
[04-Jan-2026 20:35:52 Europe/Zurich] PHP Warning:  Array to string conversion in /home/pihezigo/www/geolearnr.ch/api.php on line 570
[04-Jan-2026 20:35:52 Europe/Zurich] PHP Notice:  session_start() [<a href='https://secure.php.net/manual/en/function.session-start.php'>function.session-start.php</a>]: Ignoring session_start() because a session is already active (started from /home/pihezigo/www/geolearnr.ch/api.php on line 20) in /home/pihezigo/www/geolearnr.ch/api.php on line 794
[04-Jan-2026 20:35:56 Europe/Zurich] PHP Notice:  session_start() [<a href='https://secure.php.net/manual/en/function.session-start.php'>function.session-start.php</a>]: Ignoring session_start() because a session is already active (started from /home/pihezigo/www/geolearnr.ch/api.php on line 20) in /home/pihezigo/www/geolearnr.ch/api.php on line 612
[04-Jan-2026 20:35:56 Europe/Zurich] PHP Notice:  session_start() [<a href='https://secure.php.net/manual/en/function.session-start.php'>function.session-start.php</a>]: Ignoring session_start() because a session is already active (started from /home/pihezigo/www/geolearnr.ch/api.php on line 20) in /home/pihezigo/www/geolearnr.ch/api.php on line 794
[04-Jan-2026 20:37:16 Europe/Zurich] PHP Notice:  session_start() [<a href='https://secure.php.net/manual/en/function.session-start.php'>function.session-start.php</a>]: Ignoring session_start() because a session is already active (started from /home/pihezigo/www/geolearnr.ch/api.php on line 20) in /home/pihezigo/www/geolearnr.ch/api.php on line 612
[04-Jan-2026 20:37:21 Europe/Zurich] PHP Notice:  session_start() [<a href='https://secure.php.net/manual/en/function.session-start.php'>function.session-start.php</a>]: Ignoring session_start() because a session is already active (started from /home/pihezigo/www/geolearnr.ch/api.php on line 20) in /home/pihezigo/www/geolearnr.ch/api.php on line 612
[04-Jan-2026 20:47:15 Europe/Zurich] PHP Notice:  session_start() [<a href='https://secure.php.net/manual/en/function.session-start.php'>function.session-start.php</a>]: Ignoring session_start() because a session is already active (started from /home/pihezigo/www/geolearnr.ch/api.php on line 20) in /home/pihezigo/www/geolearnr.ch/api.php on line 794
[04-Jan-2026 20:47:15 Europe/Zurich] PHP Notice:  session_start() [<a href='https://secure.php.net/manual/en/function.session-start.php'>function.session-start.php</a>]: Ignoring session_start() because a session is already active (started from /home/pihezigo/www/geolearnr.ch/api.php on line 20) in /home/pihezigo/www/geolearnr.ch/api.php on line 612
[04-Jan-2026 20:47:20 Europe/Zurich] PHP Notice:  session_start() [<a href='https://secure.php.net/manual/en/function.session-start.php'>function.session-start.php</a>]: Ignoring session_start() because a session is already active (started from /home/pihezigo/www/geolearnr.ch/api.php on line 20) in /home/pihezigo/www/geolearnr.ch/api.php on line 794
[04-Jan-2026 20:47:20 Europe/Zurich] PHP Notice:  session_start() [<a href='https://secure.php.net/manual/en/function.session-start.php'>function.session-start.php</a>]: Ignoring session_start() because a session is already active (started from /home/pihezigo/www/geolearnr.ch/api.php on line 20) in /home/pihezigo/www/geolearnr.ch/api.php on line 612
[04-Jan-2026 20:47:30 Europe/Zurich] PHP Notice:  session_start() [<a href='https://secure.php.net/manual/en/function.session-start.php'>function.session-start.php</a>]: Ignoring session_start() because a session is already active (started from /home/pihezigo/www/geolearnr.ch/api.php on line 20) in /home/pihezigo/www/geolearnr.ch/api.php on line 794
[04-Jan-2026 20:47:30 Europe/Zurich] PHP Notice:  session_start() [<a href='https://secure.php.net/manual/en/function.session-start.php'>function.session-start.php</a>]: Ignoring session_start() because a session is already active (started from /home/pihezigo/www/geolearnr.ch/api.php on line 20) in /home/pihezigo/www/geolearnr.ch/api.php on line 794
[04-Jan-2026 20:56:12 Europe/Zurich] PHP Notice:  session_start() [<a href='https://secure.php.net/manual/en/function.session-start.php'>function.session-start.php</a>]: Ignoring session_start() because a session is already active (started from /home/pihezigo/www/geolearnr.ch/api.php on line 20) in /home/pihezigo/www/geolearnr.ch/api.php on line 794
[04-Jan-2026 20:56:12 Europe/Zurich] PHP Notice:  session_start() [<a href='https://secure.php.net/manual/en/function.session-start.php'>function.session-start.php</a>]: Ignoring session_start() because a session is already active (started from /home/pihezigo/www/geolearnr.ch/api.php on line 20) in /home/pihezigo/www/geolearnr.ch/api.php on line 612
[04-Jan-2026 20:56:31 Europe/Zurich] PHP Notice:  session_start() [<a href='https://secure.php.net/manual/en/function.session-start.php'>function.session-start.php</a>]: Ignoring session_start() because a session is already active (started from /home/pihezigo/www/geolearnr.ch/api.php on line 20) in /home/pihezigo/www/geolearnr.ch/api.php on line 794
[04-Jan-2026 20:56:31 Europe/Zurich] PHP Notice:  session_start() [<a href='https://secure.php.net/manual/en/function.session-start.php'>function.session-start.php</a>]: Ignoring session_start() because a session is already active (started from /home/pihezigo/www/geolearnr.ch/api.php on line 20) in /home/pihezigo/www/geolearnr.ch/api.php on line 612
[04-Jan-2026 20:57:12 Europe/Zurich] PHP Notice:  session_start() [<a href='https://secure.php.net/manual/en/function.session-start.php'>function.session-start.php</a>]: Ignoring session_start() because a session is already active (started from /home/pihezigo/www/geolearnr.ch/api.php on line 20) in /home/pihezigo/www/geolearnr.ch/api.php on line 612
[04-Jan-2026 20:57:12 Europe/Zurich] PHP Notice:  session_start() [<a href='https://secure.php.net/manual/en/function.session-start.php'>function.session-start.php</a>]: Ignoring session_start() because a session is already active (started from /home/pihezigo/www/geolearnr.ch/api.php on line 20) in /home/pihezigo/www/geolearnr.ch/api.php on line 794
[04-Jan-2026 20:57:38 Europe/Zurich] PHP Notice:  session_start() [<a href='https://secure.php.net/manual/en/function.session-start.php'>function.session-start.php</a>]: Ignoring session_start() because a session is already active (started from /home/pihezigo/www/geolearnr.ch/api.php on line 20) in /home/pihezigo/www/geolearnr.ch/api.php on line 794
[04-Jan-2026 20:57:38 Europe/Zurich] PHP Notice:  session_start() [<a href='https://secure.php.net/manual/en/function.session-start.php'>function.session-start.php</a>]: Ignoring session_start() because a session is already active (started from /home/pihezigo/www/geolearnr.ch/api.php on line 20) in /home/pihezigo/www/geolearnr.ch/api.php on line 612
[04-Jan-2026 20:58:48 Europe/Zurich] PHP Notice:  session_start() [<a href='https://secure.php.net/manual/en/function.session-start.php'>function.session-start.php</a>]: Ignoring session_start() because a session is already active (started from /home/pihezigo/www/geolearnr.ch/api.php on line 20) in /home/pihezigo/www/geolearnr.ch/api.php on line 794
[04-Jan-2026 20:58:48 Europe/Zurich] PHP Notice:  session_start() [<a href='https://secure.php.net/manual/en/function.session-start.php'>function.session-start.php</a>]: Ignoring session_start() because a session is already active (started from /home/pihezigo/www/geolearnr.ch/api.php on line 20) in /home/pihezigo/www/geolearnr.ch/api.php on line 612
[04-Jan-2026 20:58:55 Europe/Zurich] PHP Notice:  session_start() [<a href='https://secure.php.net/manual/en/function.session-start.php'>function.session-start.php</a>]: Ignoring session_start() because a session is already active (started from /home/pihezigo/www/geolearnr.ch/api.php on line 20) in /home/pihezigo/www/geolearnr.ch/api.php on line 794
[04-Jan-2026 20:58:55 Europe/Zurich] PHP Notice:  session_start() [<a href='https://secure.php.net/manual/en/function.session-start.php'>function.session-start.php</a>]: Ignoring session_start() because a session is already active (started from /home/pihezigo/www/geolearnr.ch/api.php on line 20) in /home/pihezigo/www/geolearnr.ch/api.php on line 794
[04-Jan-2026 21:20:50 Europe/Zurich] PHP Notice:  session_start() [<a href='https://secure.php.net/manual/en/function.session-start.php'>function.session-start.php</a>]: Ignoring session_start() because a session is already active (started from /home/pihezigo/www/geolearnr.ch/api.php on line 20) in /home/pihezigo/www/geolearnr.ch/api.php on line 823
[04-Jan-2026 21:20:50 Europe/Zurich] PHP Fatal error:  Uncaught mysqli_sql_exception: You have an error in your SQL syntax; check the manual that corresponds to your MariaDB server version for the right syntax to use near '= 'visible' ORDER BY created_at DESC' at line 1 in /home/pihezigo/www/geolearnr.ch/api.php:115
Stack trace:
#0 /home/pihezigo/www/geolearnr.ch/api.php(115): mysqli->prepare()
#1 {main}
  thrown in /home/pihezigo/www/geolearnr.ch/api.php on line 115
[04-Jan-2026 21:20:50 Europe/Zurich] PHP Notice:  session_start() [<a href='https://secure.php.net/manual/en/function.session-start.php'>function.session-start.php</a>]: Ignoring session_start() because a session is already active (started from /home/pihezigo/www/geolearnr.ch/api.php on line 20) in /home/pihezigo/www/geolearnr.ch/api.php on line 641
[04-Jan-2026 21:30:53 Europe/Zurich] PHP Notice:  session_start() [<a href='https://secure.php.net/manual/en/function.session-start.php'>function.session-start.php</a>]: Ignoring session_start() because a session is already active (started from /home/pihezigo/www/geolearnr.ch/api.php on line 20) in /home/pihezigo/www/geolearnr.ch/api.php on line 824
[04-Jan-2026 21:30:54 Europe/Zurich] PHP Notice:  session_start() [<a href='https://secure.php.net/manual/en/function.session-start.php'>function.session-start.php</a>]: Ignoring session_start() because a session is already active (started from /home/pihezigo/www/geolearnr.ch/api.php on line 20) in /home/pihezigo/www/geolearnr.ch/api.php on line 642
[04-Jan-2026 21:30:56 Europe/Zurich] PHP Notice:  session_start() [<a href='https://secure.php.net/manual/en/function.session-start.php'>function.session-start.php</a>]: Ignoring session_start() because a session is already active (started from /home/pihezigo/www/geolearnr.ch/api.php on line 20) in /home/pihezigo/www/geolearnr.ch/api.php on line 824
[04-Jan-2026 21:30:56 Europe/Zurich] PHP Warning:  Array to string conversion in /home/pihezigo/www/geolearnr.ch/api.php on line 630
[04-Jan-2026 21:30:56 Europe/Zurich] PHP Notice:  session_start() [<a href='https://secure.php.net/manual/en/function.session-start.php'>function.session-start.php</a>]: Ignoring session_start() because a session is already active (started from /home/pihezigo/www/geolearnr.ch/api.php on line 20) in /home/pihezigo/www/geolearnr.ch/api.php on line 824
[04-Jan-2026 21:31:00 Europe/Zurich] PHP Notice:  session_start() [<a href='https://secure.php.net/manual/en/function.session-start.php'>function.session-start.php</a>]: Ignoring session_start() because a session is already active (started from /home/pihezigo/www/geolearnr.ch/api.php on line 20) in /home/pihezigo/www/geolearnr.ch/api.php on line 824
[04-Jan-2026 21:31:00 Europe/Zurich] PHP Warning:  Array to string conversion in /home/pihezigo/www/geolearnr.ch/api.php on line 630
[04-Jan-2026 21:31:00 Europe/Zurich] PHP Notice:  session_start() [<a href='https://secure.php.net/manual/en/function.session-start.php'>function.session-start.php</a>]: Ignoring session_start() because a session is already active (started from /home/pihezigo/www/geolearnr.ch/api.php on line 20) in /home/pihezigo/www/geolearnr.ch/api.php on line 824
[04-Jan-2026 21:31:01 Europe/Zurich] PHP Notice:  session_start() [<a href='https://secure.php.net/manual/en/function.session-start.php'>function.session-start.php</a>]: Ignoring session_start() because a session is already active (started from /home/pihezigo/www/geolearnr.ch/api.php on line 20) in /home/pihezigo/www/geolearnr.ch/api.php on line 824
[04-Jan-2026 21:31:01 Europe/Zurich] PHP Warning:  Array to string conversion in /home/pihezigo/www/geolearnr.ch/api.php on line 630
[04-Jan-2026 21:31:01 Europe/Zurich] PHP Notice:  session_start() [<a href='https://secure.php.net/manual/en/function.session-start.php'>function.session-start.php</a>]: Ignoring session_start() because a session is already active (started from /home/pihezigo/www/geolearnr.ch/api.php on line 20) in /home/pihezigo/www/geolearnr.ch/api.php on line 824
[04-Jan-2026 21:31:04 Europe/Zurich] PHP Notice:  session_start() [<a href='https://secure.php.net/manual/en/function.session-start.php'>function.session-start.php</a>]: Ignoring session_start() because a session is already active (started from /home/pihezigo/www/geolearnr.ch/api.php on line 20) in /home/pihezigo/www/geolearnr.ch/api.php on line 824
[04-Jan-2026 21:31:04 Europe/Zurich] PHP Notice:  session_start() [<a href='https://secure.php.net/manual/en/function.session-start.php'>function.session-start.php</a>]: Ignoring session_start() because a session is already active (started from /home/pihezigo/www/geolearnr.ch/api.php on line 20) in /home/pihezigo/www/geolearnr.ch/api.php on line 642
[04-Jan-2026 21:31:07 Europe/Zurich] PHP Notice:  session_start() [<a href='https://secure.php.net/manual/en/function.session-start.php'>function.session-start.php</a>]: Ignoring session_start() because a session is already active (started from /home/pihezigo/www/geolearnr.ch/api.php on line 20) in /home/pihezigo/www/geolearnr.ch/api.php on line 824
[04-Jan-2026 21:31:07 Europe/Zurich] PHP Warning:  Array to string conversion in /home/pihezigo/www/geolearnr.ch/api.php on line 630
[04-Jan-2026 21:31:07 Europe/Zurich] PHP Notice:  session_start() [<a href='https://secure.php.net/manual/en/function.session-start.php'>function.session-start.php</a>]: Ignoring session_start() because a session is already active (started from /home/pihezigo/www/geolearnr.ch/api.php on line 20) in /home/pihezigo/www/geolearnr.ch/api.php on line 824
[04-Jan-2026 21:31:10 Europe/Zurich] PHP Notice:  session_start() [<a href='https://secure.php.net/manual/en/function.session-start.php'>function.session-start.php</a>]: Ignoring session_start() because a session is already active (started from /home/pihezigo/www/geolearnr.ch/api.php on line 20) in /home/pihezigo/www/geolearnr.ch/api.php on line 824
[04-Jan-2026 21:31:10 Europe/Zurich] PHP Notice:  session_start() [<a href='https://secure.php.net/manual/en/function.session-start.php'>function.session-start.php</a>]: Ignoring session_start() because a session is already active (started from /home/pihezigo/www/geolearnr.ch/api.php on line 20) in /home/pihezigo/www/geolearnr.ch/api.php on line 642
[04-Jan-2026 21:33:25 Europe/Zurich] PHP Notice:  session_start() [<a href='https://secure.php.net/manual/en/function.session-start.php'>function.session-start.php</a>]: Ignoring session_start() because a session is already active (started from /home/pihezigo/www/geolearnr.ch/api.php on line 20) in /home/pihezigo/www/geolearnr.ch/api.php on line 824
[04-Jan-2026 21:33:25 Europe/Zurich] PHP Notice:  session_start() [<a href='https://secure.php.net/manual/en/function.session-start.php'>function.session-start.php</a>]: Ignoring session_start() because a session is already active (started from /home/pihezigo/www/geolearnr.ch/api.php on line 20) in /home/pihezigo/www/geolearnr.ch/api.php on line 642
[04-Jan-2026 21:33:27 Europe/Zurich] PHP Notice:  session_start() [<a href='https://secure.php.net/manual/en/function.session-start.php'>function.session-start.php</a>]: Ignoring session_start() because a session is already active (started from /home/pihezigo/www/geolearnr.ch/api.php on line 20) in /home/pihezigo/www/geolearnr.ch/api.php on line 824
[04-Jan-2026 21:33:27 Europe/Zurich] PHP Warning:  Array to string conversion in /home/pihezigo/www/geolearnr.ch/api.php on line 630
[04-Jan-2026 21:33:27 Europe/Zurich] PHP Notice:  session_start() [<a href='https://secure.php.net/manual/en/function.session-start.php'>function.session-start.php</a>]: Ignoring session_start() because a session is already active (started from /home/pihezigo/www/geolearnr.ch/api.php on line 20) in /home/pihezigo/www/geolearnr.ch/api.php on line 824
[04-Jan-2026 21:33:28 Europe/Zurich] PHP Notice:  session_start() [<a href='https://secure.php.net/manual/en/function.session-start.php'>function.session-start.php</a>]: Ignoring session_start() because a session is already active (started from /home/pihezigo/www/geolearnr.ch/api.php on line 20) in /home/pihezigo/www/geolearnr.ch/api.php on line 824
[04-Jan-2026 21:33:28 Europe/Zurich] PHP Warning:  Array to string conversion in /home/pihezigo/www/geolearnr.ch/api.php on line 630
[04-Jan-2026 21:33:28 Europe/Zurich] PHP Notice:  session_start() [<a href='https://secure.php.net/manual/en/function.session-start.php'>function.session-start.php</a>]: Ignoring session_start() because a session is already active (started from /home/pihezigo/www/geolearnr.ch/api.php on line 20) in /home/pihezigo/www/geolearnr.ch/api.php on line 824
[04-Jan-2026 21:33:30 Europe/Zurich] PHP Notice:  session_start() [<a href='https://secure.php.net/manual/en/function.session-start.php'>function.session-start.php</a>]: Ignoring session_start() because a session is already active (started from /home/pihezigo/www/geolearnr.ch/api.php on line 20) in /home/pihezigo/www/geolearnr.ch/api.php on line 824
[04-Jan-2026 21:33:30 Europe/Zurich] PHP Warning:  Array to string conversion in /home/pihezigo/www/geolearnr.ch/api.php on line 630
[04-Jan-2026 21:33:30 Europe/Zurich] PHP Notice:  session_start() [<a href='https://secure.php.net/manual/en/function.session-start.php'>function.session-start.php</a>]: Ignoring session_start() because a session is already active (started from /home/pihezigo/www/geolearnr.ch/api.php on line 20) in /home/pihezigo/www/geolearnr.ch/api.php on line 824
[04-Jan-2026 21:40:45 Europe/Zurich] PHP Notice:  session_start() [<a href='https://secure.php.net/manual/en/function.session-start.php'>function.session-start.php</a>]: Ignoring session_start() because a session is already active (started from /home/pihezigo/www/geolearnr.ch/api.php on line 20) in /home/pihezigo/www/geolearnr.ch/api.php on line 642
[04-Jan-2026 21:40:45 Europe/Zurich] PHP Notice:  session_start() [<a href='https://secure.php.net/manual/en/function.session-start.php'>function.session-start.php</a>]: Ignoring session_start() because a session is already active (started from /home/pihezigo/www/geolearnr.ch/api.php on line 20) in /home/pihezigo/www/geolearnr.ch/api.php on line 824
[04-Jan-2026 21:40:47 Europe/Zurich] PHP Notice:  session_start() [<a href='https://secure.php.net/manual/en/function.session-start.php'>function.session-start.php</a>]: Ignoring session_start() because a session is already active (started from /home/pihezigo/www/geolearnr.ch/api.php on line 20) in /home/pihezigo/www/geolearnr.ch/api.php on line 824
[04-Jan-2026 21:40:47 Europe/Zurich] PHP Warning:  Array to string conversion in /home/pihezigo/www/geolearnr.ch/api.php on line 630
[04-Jan-2026 21:40:47 Europe/Zurich] PHP Notice:  session_start() [<a href='https://secure.php.net/manual/en/function.session-start.php'>function.session-start.php</a>]: Ignoring session_start() because a session is already active (started from /home/pihezigo/www/geolearnr.ch/api.php on line 20) in /home/pihezigo/www/geolearnr.ch/api.php on line 824
[04-Jan-2026 21:40:53 Europe/Zurich] PHP Notice:  session_start() [<a href='https://secure.php.net/manual/en/function.session-start.php'>function.session-start.php</a>]: Ignoring session_start() because a session is already active (started from /home/pihezigo/www/geolearnr.ch/api.php on line 20) in /home/pihezigo/www/geolearnr.ch/api.php on line 824
[04-Jan-2026 21:40:53 Europe/Zurich] PHP Notice:  session_start() [<a href='https://secure.php.net/manual/en/function.session-start.php'>function.session-start.php</a>]: Ignoring session_start() because a session is already active (started from /home/pihezigo/www/geolearnr.ch/api.php on line 20) in /home/pihezigo/www/geolearnr.ch/api.php on line 642
[04-Jan-2026 21:41:03 Europe/Zurich] PHP Notice:  session_start() [<a href='https://secure.php.net/manual/en/function.session-start.php'>function.session-start.php</a>]: Ignoring session_start() because a session is already active (started from /home/pihezigo/www/geolearnr.ch/api.php on line 20) in /home/pihezigo/www/geolearnr.ch/api.php on line 824
[04-Jan-2026 21:41:03 Europe/Zurich] PHP Warning:  Array to string conversion in /home/pihezigo/www/geolearnr.ch/api.php on line 630
[04-Jan-2026 21:41:03 Europe/Zurich] PHP Notice:  session_start() [<a href='https://secure.php.net/manual/en/function.session-start.php'>function.session-start.php</a>]: Ignoring session_start() because a session is already active (started from /home/pihezigo/www/geolearnr.ch/api.php on line 20) in /home/pihezigo/www/geolearnr.ch/api.php on line 824
[04-Jan-2026 21:41:09 Europe/Zurich] PHP Notice:  session_start() [<a href='https://secure.php.net/manual/en/function.session-start.php'>function.session-start.php</a>]: Ignoring session_start() because a session is already active (started from /home/pihezigo/www/geolearnr.ch/api.php on line 20) in /home/pihezigo/www/geolearnr.ch/api.php on line 824
[04-Jan-2026 21:41:09 Europe/Zurich] PHP Warning:  Array to string conversion in /home/pihezigo/www/geolearnr.ch/api.php on line 630
[04-Jan-2026 21:41:10 Europe/Zurich] PHP Notice:  session_start() [<a href='https://secure.php.net/manual/en/function.session-start.php'>function.session-start.php</a>]: Ignoring session_start() because a session is already active (started from /home/pihezigo/www/geolearnr.ch/api.php on line 20) in /home/pihezigo/www/geolearnr.ch/api.php on line 824
[04-Jan-2026 21:42:00 Europe/Zurich] PHP Notice:  session_start() [<a href='https://secure.php.net/manual/en/function.session-start.php'>function.session-start.php</a>]: Ignoring session_start() because a session is already active (started from /home/pihezigo/www/geolearnr.ch/api.php on line 20) in /home/pihezigo/www/geolearnr.ch/api.php on line 824
[04-Jan-2026 21:42:00 Europe/Zurich] PHP Notice:  session_start() [<a href='https://secure.php.net/manual/en/function.session-start.php'>function.session-start.php</a>]: Ignoring session_start() because a session is already active (started from /home/pihezigo/www/geolearnr.ch/api.php on line 20) in /home/pihezigo/www/geolearnr.ch/api.php on line 642
[04-Jan-2026 21:42:28 Europe/Zurich] PHP Notice:  session_start() [<a href='https://secure.php.net/manual/en/function.session-start.php'>function.session-start.php</a>]: Ignoring session_start() because a session is already active (started from /home/pihezigo/www/geolearnr.ch/api.php on line 20) in /home/pihezigo/www/geolearnr.ch/api.php on line 642
[04-Jan-2026 21:42:28 Europe/Zurich] PHP Notice:  session_start() [<a href='https://secure.php.net/manual/en/function.session-start.php'>function.session-start.php</a>]: Ignoring session_start() because a session is already active (started from /home/pihezigo/www/geolearnr.ch/api.php on line 20) in /home/pihezigo/www/geolearnr.ch/api.php on line 824
[04-Jan-2026 21:42:30 Europe/Zurich] PHP Notice:  session_start() [<a href='https://secure.php.net/manual/en/function.session-start.php'>function.session-start.php</a>]: Ignoring session_start() because a session is already active (started from /home/pihezigo/www/geolearnr.ch/api.php on line 20) in /home/pihezigo/www/geolearnr.ch/api.php on line 824
[04-Jan-2026 21:42:30 Europe/Zurich] PHP Warning:  Array to string conversion in /home/pihezigo/www/geolearnr.ch/api.php on line 630
[04-Jan-2026 21:42:30 Europe/Zurich] PHP Notice:  session_start() [<a href='https://secure.php.net/manual/en/function.session-start.php'>function.session-start.php</a>]: Ignoring session_start() because a session is already active (started from /home/pihezigo/www/geolearnr.ch/api.php on line 20) in /home/pihezigo/www/geolearnr.ch/api.php on line 824
[04-Jan-2026 21:46:37 Europe/Zurich] PHP Notice:  session_start() [<a href='https://secure.php.net/manual/en/function.session-start.php'>function.session-start.php</a>]: Ignoring session_start() because a session is already active (started from /home/pihezigo/www/geolearnr.ch/api.php on line 20) in /home/pihezigo/www/geolearnr.ch/api.php on line 842
[04-Jan-2026 21:46:37 Europe/Zurich] PHP Notice:  session_start() [<a href='https://secure.php.net/manual/en/function.session-start.php'>function.session-start.php</a>]: Ignoring session_start() because a session is already active (started from /home/pihezigo/www/geolearnr.ch/api.php on line 20) in /home/pihezigo/www/geolearnr.ch/api.php on line 660
[04-Jan-2026 21:46:40 Europe/Zurich] PHP Notice:  session_start() [<a href='https://secure.php.net/manual/en/function.session-start.php'>function.session-start.php</a>]: Ignoring session_start() because a session is already active (started from /home/pihezigo/www/geolearnr.ch/api.php on line 20) in /home/pihezigo/www/geolearnr.ch/api.php on line 842
[04-Jan-2026 21:46:40 Europe/Zurich] PHP Notice:  session_start() [<a href='https://secure.php.net/manual/en/function.session-start.php'>function.session-start.php</a>]: Ignoring session_start() because a session is already active (started from /home/pihezigo/www/geolearnr.ch/api.php on line 20) in /home/pihezigo/www/geolearnr.ch/api.php on line 842
[04-Jan-2026 21:46:42 Europe/Zurich] PHP Notice:  session_start() [<a href='https://secure.php.net/manual/en/function.session-start.php'>function.session-start.php</a>]: Ignoring session_start() because a session is already active (started from /home/pihezigo/www/geolearnr.ch/api.php on line 20) in /home/pihezigo/www/geolearnr.ch/api.php on line 842
[04-Jan-2026 21:46:42 Europe/Zurich] PHP Notice:  session_start() [<a href='https://secure.php.net/manual/en/function.session-start.php'>function.session-start.php</a>]: Ignoring session_start() because a session is already active (started from /home/pihezigo/www/geolearnr.ch/api.php on line 20) in /home/pihezigo/www/geolearnr.ch/api.php on line 842
[04-Jan-2026 21:46:43 Europe/Zurich] PHP Notice:  session_start() [<a href='https://secure.php.net/manual/en/function.session-start.php'>function.session-start.php</a>]: Ignoring session_start() because a session is already active (started from /home/pihezigo/www/geolearnr.ch/api.php on line 20) in /home/pihezigo/www/geolearnr.ch/api.php on line 842
[04-Jan-2026 21:46:43 Europe/Zurich] PHP Notice:  session_start() [<a href='https://secure.php.net/manual/en/function.session-start.php'>function.session-start.php</a>]: Ignoring session_start() because a session is already active (started from /home/pihezigo/www/geolearnr.ch/api.php on line 20) in /home/pihezigo/www/geolearnr.ch/api.php on line 842
[04-Jan-2026 21:46:44 Europe/Zurich] PHP Notice:  session_start() [<a href='https://secure.php.net/manual/en/function.session-start.php'>function.session-start.php</a>]: Ignoring session_start() because a session is already active (started from /home/pihezigo/www/geolearnr.ch/api.php on line 20) in /home/pihezigo/www/geolearnr.ch/api.php on line 842
[04-Jan-2026 21:46:44 Europe/Zurich] PHP Notice:  session_start() [<a href='https://secure.php.net/manual/en/function.session-start.php'>function.session-start.php</a>]: Ignoring session_start() because a session is already active (started from /home/pihezigo/www/geolearnr.ch/api.php on line 20) in /home/pihezigo/www/geolearnr.ch/api.php on line 842
[04-Jan-2026 21:46:51 Europe/Zurich] PHP Notice:  session_start() [<a href='https://secure.php.net/manual/en/function.session-start.php'>function.session-start.php</a>]: Ignoring session_start() because a session is already active (started from /home/pihezigo/www/geolearnr.ch/api.php on line 20) in /home/pihezigo/www/geolearnr.ch/api.php on line 842
[04-Jan-2026 21:46:51 Europe/Zurich] PHP Notice:  session_start() [<a href='https://secure.php.net/manual/en/function.session-start.php'>function.session-start.php</a>]: Ignoring session_start() because a session is already active (started from /home/pihezigo/www/geolearnr.ch/api.php on line 20) in /home/pihezigo/www/geolearnr.ch/api.php on line 842
[04-Jan-2026 21:46:51 Europe/Zurich] PHP Notice:  session_start() [<a href='https://secure.php.net/manual/en/function.session-start.php'>function.session-start.php</a>]: Ignoring session_start() because a session is already active (started from /home/pihezigo/www/geolearnr.ch/api.php on line 20) in /home/pihezigo/www/geolearnr.ch/api.php on line 842
[04-Jan-2026 21:46:51 Europe/Zurich] PHP Notice:  session_start() [<a href='https://secure.php.net/manual/en/function.session-start.php'>function.session-start.php</a>]: Ignoring session_start() because a session is already active (started from /home/pihezigo/www/geolearnr.ch/api.php on line 20) in /home/pihezigo/www/geolearnr.ch/api.php on line 842
[04-Jan-2026 21:47:48 Europe/Zurich] PHP Notice:  session_start() [<a href='https://secure.php.net/manual/en/function.session-start.php'>function.session-start.php</a>]: Ignoring session_start() because a session is already active (started from /home/pihezigo/www/geolearnr.ch/api.php on line 20) in /home/pihezigo/www/geolearnr.ch/api.php on line 724
[04-Jan-2026 21:47:52 Europe/Zurich] PHP Notice:  session_start() [<a href='https://secure.php.net/manual/en/function.session-start.php'>function.session-start.php</a>]: Ignoring session_start() because a session is already active (started from /home/pihezigo/www/geolearnr.ch/api.php on line 20) in /home/pihezigo/www/geolearnr.ch/api.php on line 660
[04-Jan-2026 21:48:16 Europe/Zurich] PHP Notice:  session_start() [<a href='https://secure.php.net/manual/en/function.session-start.php'>function.session-start.php</a>]: Ignoring session_start() because a session is already active (started from /home/pihezigo/www/geolearnr.ch/api.php on line 20) in /home/pihezigo/www/geolearnr.ch/api.php on line 674
[04-Jan-2026 21:48:21 Europe/Zurich] PHP Notice:  session_start() [<a href='https://secure.php.net/manual/en/function.session-start.php'>function.session-start.php</a>]: Ignoring session_start() because a session is already active (started from /home/pihezigo/www/geolearnr.ch/api.php on line 20) in /home/pihezigo/www/geolearnr.ch/api.php on line 842
[04-Jan-2026 21:48:21 Europe/Zurich] PHP Notice:  session_start() [<a href='https://secure.php.net/manual/en/function.session-start.php'>function.session-start.php</a>]: Ignoring session_start() because a session is already active (started from /home/pihezigo/www/geolearnr.ch/api.php on line 20) in /home/pihezigo/www/geolearnr.ch/api.php on line 660
[04-Jan-2026 21:50:26 Europe/Zurich] PHP Notice:  session_start() [<a href='https://secure.php.net/manual/en/function.session-start.php'>function.session-start.php</a>]: Ignoring session_start() because a session is already active (started from /home/pihezigo/www/geolearnr.ch/api.php on line 20) in /home/pihezigo/www/geolearnr.ch/api.php on line 842
[04-Jan-2026 21:50:26 Europe/Zurich] PHP Notice:  session_start() [<a href='https://secure.php.net/manual/en/function.session-start.php'>function.session-start.php</a>]: Ignoring session_start() because a session is already active (started from /home/pihezigo/www/geolearnr.ch/api.php on line 20) in /home/pihezigo/www/geolearnr.ch/api.php on line 660
[04-Jan-2026 22:01:32 Europe/Zurich] PHP Notice:  session_start() [<a href='https://secure.php.net/manual/en/function.session-start.php'>function.session-start.php</a>]: Ignoring session_start() because a session is already active (started from /home/pihezigo/www/geolearnr.ch/api.php on line 20) in /home/pihezigo/www/geolearnr.ch/api.php on line 737
[04-Jan-2026 22:01:47 Europe/Zurich] PHP Notice:  session_start() [<a href='https://secure.php.net/manual/en/function.session-start.php'>function.session-start.php</a>]: Ignoring session_start() because a session is already active (started from /home/pihezigo/www/geolearnr.ch/api.php on line 20) in /home/pihezigo/www/geolearnr.ch/api.php on line 660
[04-Jan-2026 22:02:08 Europe/Zurich] PHP Notice:  session_start() [<a href='https://secure.php.net/manual/en/function.session-start.php'>function.session-start.php</a>]: Ignoring session_start() because a session is already active (started from /home/pihezigo/www/geolearnr.ch/api.php on line 20) in /home/pihezigo/www/geolearnr.ch/api.php on line 674
[04-Jan-2026 22:02:12 Europe/Zurich] PHP Notice:  session_start() [<a href='https://secure.php.net/manual/en/function.session-start.php'>function.session-start.php</a>]: Ignoring session_start() because a session is already active (started from /home/pihezigo/www/geolearnr.ch/api.php on line 20) in /home/pihezigo/www/geolearnr.ch/api.php on line 855
[04-Jan-2026 22:02:12 Europe/Zurich] PHP Notice:  session_start() [<a href='https://secure.php.net/manual/en/function.session-start.php'>function.session-start.php</a>]: Ignoring session_start() because a session is already active (started from /home/pihezigo/www/geolearnr.ch/api.php on line 20) in /home/pihezigo/www/geolearnr.ch/api.php on line 660
[04-Jan-2026 22:11:50 Europe/Zurich] PHP Notice:  session_start() [<a href='https://secure.php.net/manual/en/function.session-start.php'>function.session-start.php</a>]: Ignoring session_start() because a session is already active (started from /home/pihezigo/www/geolearnr.ch/api.php on line 20) in /home/pihezigo/www/geolearnr.ch/api.php on line 660
[04-Jan-2026 22:11:50 Europe/Zurich] PHP Notice:  session_start() [<a href='https://secure.php.net/manual/en/function.session-start.php'>function.session-start.php</a>]: Ignoring session_start() because a session is already active (started from /home/pihezigo/www/geolearnr.ch/api.php on line 20) in /home/pihezigo/www/geolearnr.ch/api.php on line 855
[04-Jan-2026 22:12:06 Europe/Zurich] PHP Notice:  session_start() [<a href='https://secure.php.net/manual/en/function.session-start.php'>function.session-start.php</a>]: Ignoring session_start() because a session is already active (started from /home/pihezigo/www/geolearnr.ch/api.php on line 20) in /home/pihezigo/www/geolearnr.ch/api.php on line 855
[04-Jan-2026 22:12:06 Europe/Zurich] PHP Notice:  session_start() [<a href='https://secure.php.net/manual/en/function.session-start.php'>function.session-start.php</a>]: Ignoring session_start() because a session is already active (started from /home/pihezigo/www/geolearnr.ch/api.php on line 20) in /home/pihezigo/www/geolearnr.ch/api.php on line 855
[04-Jan-2026 22:12:12 Europe/Zurich] PHP Notice:  session_start() [<a href='https://secure.php.net/manual/en/function.session-start.php'>function.session-start.php</a>]: Ignoring session_start() because a session is already active (started from /home/pihezigo/www/geolearnr.ch/api.php on line 20) in /home/pihezigo/www/geolearnr.ch/api.php on line 855
[04-Jan-2026 22:12:12 Europe/Zurich] PHP Notice:  session_start() [<a href='https://secure.php.net/manual/en/function.session-start.php'>function.session-start.php</a>]: Ignoring session_start() because a session is already active (started from /home/pihezigo/www/geolearnr.ch/api.php on line 20) in /home/pihezigo/www/geolearnr.ch/api.php on line 855
[04-Jan-2026 22:12:14 Europe/Zurich] PHP Notice:  session_start() [<a href='https://secure.php.net/manual/en/function.session-start.php'>function.session-start.php</a>]: Ignoring session_start() because a session is already active (started from /home/pihezigo/www/geolearnr.ch/api.php on line 20) in /home/pihezigo/www/geolearnr.ch/api.php on line 660
[04-Jan-2026 22:12:20 Europe/Zurich] PHP Notice:  session_start() [<a href='https://secure.php.net/manual/en/function.session-start.php'>function.session-start.php</a>]: Ignoring session_start() because a session is already active (started from /home/pihezigo/www/geolearnr.ch/api.php on line 20) in /home/pihezigo/www/geolearnr.ch/api.php on line 855
[04-Jan-2026 22:12:20 Europe/Zurich] PHP Notice:  session_start() [<a href='https://secure.php.net/manual/en/function.session-start.php'>function.session-start.php</a>]: Ignoring session_start() because a session is already active (started from /home/pihezigo/www/geolearnr.ch/api.php on line 20) in /home/pihezigo/www/geolearnr.ch/api.php on line 855
[04-Jan-2026 22:12:21 Europe/Zurich] PHP Notice:  session_start() [<a href='https://secure.php.net/manual/en/function.session-start.php'>function.session-start.php</a>]: Ignoring session_start() because a session is already active (started from /home/pihezigo/www/geolearnr.ch/api.php on line 20) in /home/pihezigo/www/geolearnr.ch/api.php on line 660
[04-Jan-2026 22:12:38 Europe/Zurich] PHP Notice:  session_start() [<a href='https://secure.php.net/manual/en/function.session-start.php'>function.session-start.php</a>]: Ignoring session_start() because a session is already active (started from /home/pihezigo/www/geolearnr.ch/api.php on line 20) in /home/pihezigo/www/geolearnr.ch/api.php on line 660
[04-Jan-2026 22:14:49 Europe/Zurich] PHP Notice:  session_start() [<a href='https://secure.php.net/manual/en/function.session-start.php'>function.session-start.php</a>]: Ignoring session_start() because a session is already active (started from /home/pihezigo/www/geolearnr.ch/api.php on line 20) in /home/pihezigo/www/geolearnr.ch/api.php on line 660
[04-Jan-2026 22:14:54 Europe/Zurich] PHP Notice:  session_start() [<a href='https://secure.php.net/manual/en/function.session-start.php'>function.session-start.php</a>]: Ignoring session_start() because a session is already active (started from /home/pihezigo/www/geolearnr.ch/api.php on line 20) in /home/pihezigo/www/geolearnr.ch/api.php on line 660
[04-Jan-2026 22:15:36 Europe/Zurich] PHP Notice:  session_start() [<a href='https://secure.php.net/manual/en/function.session-start.php'>function.session-start.php</a>]: Ignoring session_start() because a session is already active (started from /home/pihezigo/www/geolearnr.ch/api.php on line 20) in /home/pihezigo/www/geolearnr.ch/api.php on line 660
[04-Jan-2026 22:16:03 Europe/Zurich] PHP Notice:  session_start() [<a href='https://secure.php.net/manual/en/function.session-start.php'>function.session-start.php</a>]: Ignoring session_start() because a session is already active (started from /home/pihezigo/www/geolearnr.ch/api.php on line 20) in /home/pihezigo/www/geolearnr.ch/api.php on line 669
[04-Jan-2026 22:16:13 Europe/Zurich] PHP Notice:  session_start() [<a href='https://secure.php.net/manual/en/function.session-start.php'>function.session-start.php</a>]: Ignoring session_start() because a session is already active (started from /home/pihezigo/www/geolearnr.ch/api.php on line 20) in /home/pihezigo/www/geolearnr.ch/api.php on line 669
[04-Jan-2026 22:16:50 Europe/Zurich] PHP Notice:  session_start() [<a href='https://secure.php.net/manual/en/function.session-start.php'>function.session-start.php</a>]: Ignoring session_start() because a session is already active (started from /home/pihezigo/www/geolearnr.ch/api.php on line 20) in /home/pihezigo/www/geolearnr.ch/api.php on line 669
[04-Jan-2026 22:16:53 Europe/Zurich] PHP Notice:  session_start() [<a href='https://secure.php.net/manual/en/function.session-start.php'>function.session-start.php</a>]: Ignoring session_start() because a session is already active (started from /home/pihezigo/www/geolearnr.ch/api.php on line 20) in /home/pihezigo/www/geolearnr.ch/api.php on line 669
[04-Jan-2026 22:16:53 Europe/Zurich] PHP Notice:  session_start() [<a href='https://secure.php.net/manual/en/function.session-start.php'>function.session-start.php</a>]: Ignoring session_start() because a session is already active (started from /home/pihezigo/www/geolearnr.ch/api.php on line 20) in /home/pihezigo/www/geolearnr.ch/api.php on line 669
[04-Jan-2026 22:17:11 Europe/Zurich] PHP Notice:  session_start() [<a href='https://secure.php.net/manual/en/function.session-start.php'>function.session-start.php</a>]: Ignoring session_start() because a session is already active (started from /home/pihezigo/www/geolearnr.ch/api.php on line 20) in /home/pihezigo/www/geolearnr.ch/api.php on line 669
[04-Jan-2026 22:17:14 Europe/Zurich] PHP Notice:  session_start() [<a href='https://secure.php.net/manual/en/function.session-start.php'>function.session-start.php</a>]: Ignoring session_start() because a session is already active (started from /home/pihezigo/www/geolearnr.ch/api.php on line 20) in /home/pihezigo/www/geolearnr.ch/api.php on line 669
[04-Jan-2026 22:17:25 Europe/Zurich] PHP Notice:  session_start() [<a href='https://secure.php.net/manual/en/function.session-start.php'>function.session-start.php</a>]: Ignoring session_start() because a session is already active (started from /home/pihezigo/www/geolearnr.ch/api.php on line 20) in /home/pihezigo/www/geolearnr.ch/api.php on line 669
[04-Jan-2026 22:17:27 Europe/Zurich] PHP Notice:  session_start() [<a href='https://secure.php.net/manual/en/function.session-start.php'>function.session-start.php</a>]: Ignoring session_start() because a session is already active (started from /home/pihezigo/www/geolearnr.ch/api.php on line 20) in /home/pihezigo/www/geolearnr.ch/api.php on line 669
[04-Jan-2026 22:17:32 Europe/Zurich] PHP Notice:  session_start() [<a href='https://secure.php.net/manual/en/function.session-start.php'>function.session-start.php</a>]: Ignoring session_start() because a session is already active (started from /home/pihezigo/www/geolearnr.ch/api.php on line 20) in /home/pihezigo/www/geolearnr.ch/api.php on line 669
[04-Jan-2026 22:17:32 Europe/Zurich] PHP Notice:  session_start() [<a href='https://secure.php.net/manual/en/function.session-start.php'>function.session-start.php</a>]: Ignoring session_start() because a session is already active (started from /home/pihezigo/www/geolearnr.ch/api.php on line 20) in /home/pihezigo/www/geolearnr.ch/api.php on line 669
[04-Jan-2026 22:21:56 Europe/Zurich] PHP Notice:  session_start() [<a href='https://secure.php.net/manual/en/function.session-start.php'>function.session-start.php</a>]: Ignoring session_start() because a session is already active (started from /home/pihezigo/www/geolearnr.ch/api.php on line 20) in /home/pihezigo/www/geolearnr.ch/api.php on line 746
[04-Jan-2026 22:21:56 Europe/Zurich] PHP Notice:  session_start() [<a href='https://secure.php.net/manual/en/function.session-start.php'>function.session-start.php</a>]: Ignoring session_start() because a session is already active (started from /home/pihezigo/www/geolearnr.ch/api.php on line 20) in /home/pihezigo/www/geolearnr.ch/api.php on line 669
[04-Jan-2026 22:22:04 Europe/Zurich] PHP Notice:  session_start() [<a href='https://secure.php.net/manual/en/function.session-start.php'>function.session-start.php</a>]: Ignoring session_start() because a session is already active (started from /home/pihezigo/www/geolearnr.ch/api.php on line 20) in /home/pihezigo/www/geolearnr.ch/api.php on line 683
[04-Jan-2026 22:22:04 Europe/Zurich] PHP Notice:  session_start() [<a href='https://secure.php.net/manual/en/function.session-start.php'>function.session-start.php</a>]: Ignoring session_start() because a session is already active (started from /home/pihezigo/www/geolearnr.ch/api.php on line 20) in /home/pihezigo/www/geolearnr.ch/api.php on line 669
[04-Jan-2026 22:22:04 Europe/Zurich] PHP Notice:  session_start() [<a href='https://secure.php.net/manual/en/function.session-start.php'>function.session-start.php</a>]: Ignoring session_start() because a session is already active (started from /home/pihezigo/www/geolearnr.ch/api.php on line 20) in /home/pihezigo/www/geolearnr.ch/api.php on line 864
[04-Jan-2026 22:22:06 Europe/Zurich] PHP Notice:  session_start() [<a href='https://secure.php.net/manual/en/function.session-start.php'>function.session-start.php</a>]: Ignoring session_start() because a session is already active (started from /home/pihezigo/www/geolearnr.ch/api.php on line 20) in /home/pihezigo/www/geolearnr.ch/api.php on line 864
[04-Jan-2026 22:22:06 Europe/Zurich] PHP Notice:  session_start() [<a href='https://secure.php.net/manual/en/function.session-start.php'>function.session-start.php</a>]: Ignoring session_start() because a session is already active (started from /home/pihezigo/www/geolearnr.ch/api.php on line 20) in /home/pihezigo/www/geolearnr.ch/api.php on line 864
[04-Jan-2026 22:22:18 Europe/Zurich] PHP Notice:  session_start() [<a href='https://secure.php.net/manual/en/function.session-start.php'>function.session-start.php</a>]: Ignoring session_start() because a session is already active (started from /home/pihezigo/www/geolearnr.ch/api.php on line 20) in /home/pihezigo/www/geolearnr.ch/api.php on line 864
[04-Jan-2026 22:22:19 Europe/Zurich] PHP Notice:  session_start() [<a href='https://secure.php.net/manual/en/function.session-start.php'>function.session-start.php</a>]: Ignoring session_start() because a session is already active (started from /home/pihezigo/www/geolearnr.ch/api.php on line 20) in /home/pihezigo/www/geolearnr.ch/api.php on line 864
[04-Jan-2026 22:22:19 Europe/Zurich] PHP Notice:  session_start() [<a href='https://secure.php.net/manual/en/function.session-start.php'>function.session-start.php</a>]: Ignoring session_start() because a session is already active (started from /home/pihezigo/www/geolearnr.ch/api.php on line 20) in /home/pihezigo/www/geolearnr.ch/api.php on line 669
[04-Jan-2026 22:22:24 Europe/Zurich] PHP Notice:  session_start() [<a href='https://secure.php.net/manual/en/function.session-start.php'>function.session-start.php</a>]: Ignoring session_start() because a session is already active (started from /home/pihezigo/www/geolearnr.ch/api.php on line 20) in /home/pihezigo/www/geolearnr.ch/api.php on line 864
[04-Jan-2026 22:22:24 Europe/Zurich] PHP Notice:  session_start() [<a href='https://secure.php.net/manual/en/function.session-start.php'>function.session-start.php</a>]: Ignoring session_start() because a session is already active (started from /home/pihezigo/www/geolearnr.ch/api.php on line 20) in /home/pihezigo/www/geolearnr.ch/api.php on line 669
[04-Jan-2026 22:22:37 Europe/Zurich] PHP Notice:  session_start() [<a href='https://secure.php.net/manual/en/function.session-start.php'>function.session-start.php</a>]: Ignoring session_start() because a session is already active (started from /home/pihezigo/www/geolearnr.ch/api.php on line 20) in /home/pihezigo/www/geolearnr.ch/api.php on line 864
[04-Jan-2026 22:22:37 Europe/Zurich] PHP Notice:  session_start() [<a href='https://secure.php.net/manual/en/function.session-start.php'>function.session-start.php</a>]: Ignoring session_start() because a session is already active (started from /home/pihezigo/www/geolearnr.ch/api.php on line 20) in /home/pihezigo/www/geolearnr.ch/api.php on line 864
[04-Jan-2026 22:22:38 Europe/Zurich] PHP Notice:  session_start() [<a href='https://secure.php.net/manual/en/function.session-start.php'>function.session-start.php</a>]: Ignoring session_start() because a session is already active (started from /home/pihezigo/www/geolearnr.ch/api.php on line 20) in /home/pihezigo/www/geolearnr.ch/api.php on line 864
[04-Jan-2026 22:22:39 Europe/Zurich] PHP Notice:  session_start() [<a href='https://secure.php.net/manual/en/function.session-start.php'>function.session-start.php</a>]: Ignoring session_start() because a session is already active (started from /home/pihezigo/www/geolearnr.ch/api.php on line 20) in /home/pihezigo/www/geolearnr.ch/api.php on line 864
[04-Jan-2026 22:22:39 Europe/Zurich] PHP Notice:  session_start() [<a href='https://secure.php.net/manual/en/function.session-start.php'>function.session-start.php</a>]: Ignoring session_start() because a session is already active (started from /home/pihezigo/www/geolearnr.ch/api.php on line 20) in /home/pihezigo/www/geolearnr.ch/api.php on line 864
[04-Jan-2026 22:22:39 Europe/Zurich] PHP Notice:  session_start() [<a href='https://secure.php.net/manual/en/function.session-start.php'>function.session-start.php</a>]: Ignoring session_start() because a session is already active (started from /home/pihezigo/www/geolearnr.ch/api.php on line 20) in /home/pihezigo/www/geolearnr.ch/api.php on line 864
[04-Jan-2026 22:22:40 Europe/Zurich] PHP Notice:  session_start() [<a href='https://secure.php.net/manual/en/function.session-start.php'>function.session-start.php</a>]: Ignoring session_start() because a session is already active (started from /home/pihezigo/www/geolearnr.ch/api.php on line 20) in /home/pihezigo/www/geolearnr.ch/api.php on line 864
[04-Jan-2026 22:22:40 Europe/Zurich] PHP Notice:  session_start() [<a href='https://secure.php.net/manual/en/function.session-start.php'>function.session-start.php</a>]: Ignoring session_start() because a session is already active (started from /home/pihezigo/www/geolearnr.ch/api.php on line 20) in /home/pihezigo/www/geolearnr.ch/api.php on line 864
[04-Jan-2026 22:28:16 Europe/Zurich] PHP Notice:  session_start() [<a href='https://secure.php.net/manual/en/function.session-start.php'>function.session-start.php</a>]: Ignoring session_start() because a session is already active (started from /home/pihezigo/www/geolearnr.ch/api.php on line 20) in /home/pihezigo/www/geolearnr.ch/api.php on line 864
[04-Jan-2026 22:28:16 Europe/Zurich] PHP Notice:  session_start() [<a href='https://secure.php.net/manual/en/function.session-start.php'>function.session-start.php</a>]: Ignoring session_start() because a session is already active (started from /home/pihezigo/www/geolearnr.ch/api.php on line 20) in /home/pihezigo/www/geolearnr.ch/api.php on line 864
[04-Jan-2026 22:28:17 Europe/Zurich] PHP Notice:  session_start() [<a href='https://secure.php.net/manual/en/function.session-start.php'>function.session-start.php</a>]: Ignoring session_start() because a session is already active (started from /home/pihezigo/www/geolearnr.ch/api.php on line 20) in /home/pihezigo/www/geolearnr.ch/api.php on line 864
[04-Jan-2026 22:28:17 Europe/Zurich] PHP Notice:  session_start() [<a href='https://secure.php.net/manual/en/function.session-start.php'>function.session-start.php</a>]: Ignoring session_start() because a session is already active (started from /home/pihezigo/www/geolearnr.ch/api.php on line 20) in /home/pihezigo/www/geolearnr.ch/api.php on line 864
[04-Jan-2026 22:28:27 Europe/Zurich] PHP Notice:  session_start() [<a href='https://secure.php.net/manual/en/function.session-start.php'>function.session-start.php</a>]: Ignoring session_start() because a session is already active (started from /home/pihezigo/www/geolearnr.ch/api.php on line 20) in /home/pihezigo/www/geolearnr.ch/api.php on line 669
[04-Jan-2026 22:28:30 Europe/Zurich] PHP Notice:  session_start() [<a href='https://secure.php.net/manual/en/function.session-start.php'>function.session-start.php</a>]: Ignoring session_start() because a session is already active (started from /home/pihezigo/www/geolearnr.ch/api.php on line 20) in /home/pihezigo/www/geolearnr.ch/api.php on line 746
[04-Jan-2026 22:28:31 Europe/Zurich] PHP Notice:  session_start() [<a href='https://secure.php.net/manual/en/function.session-start.php'>function.session-start.php</a>]: Ignoring session_start() because a session is already active (started from /home/pihezigo/www/geolearnr.ch/api.php on line 20) in /home/pihezigo/www/geolearnr.ch/api.php on line 669
[04-Jan-2026 22:28:37 Europe/Zurich] PHP Notice:  session_start() [<a href='https://secure.php.net/manual/en/function.session-start.php'>function.session-start.php</a>]: Ignoring session_start() because a session is already active (started from /home/pihezigo/www/geolearnr.ch/api.php on line 20) in /home/pihezigo/www/geolearnr.ch/api.php on line 683
[04-Jan-2026 22:28:37 Europe/Zurich] PHP Notice:  session_start() [<a href='https://secure.php.net/manual/en/function.session-start.php'>function.session-start.php</a>]: Ignoring session_start() because a session is already active (started from /home/pihezigo/www/geolearnr.ch/api.php on line 20) in /home/pihezigo/www/geolearnr.ch/api.php on line 864
[04-Jan-2026 22:28:37 Europe/Zurich] PHP Notice:  session_start() [<a href='https://secure.php.net/manual/en/function.session-start.php'>function.session-start.php</a>]: Ignoring session_start() because a session is already active (started from /home/pihezigo/www/geolearnr.ch/api.php on line 20) in /home/pihezigo/www/geolearnr.ch/api.php on line 669
[04-Jan-2026 22:29:11 Europe/Zurich] PHP Notice:  session_start() [<a href='https://secure.php.net/manual/en/function.session-start.php'>function.session-start.php</a>]: Ignoring session_start() because a session is already active (started from /home/pihezigo/www/geolearnr.ch/api.php on line 20) in /home/pihezigo/www/geolearnr.ch/api.php on line 669
[04-Jan-2026 22:29:14 Europe/Zurich] PHP Notice:  session_start() [<a href='https://secure.php.net/manual/en/function.session-start.php'>function.session-start.php</a>]: Ignoring session_start() because a session is already active (started from /home/pihezigo/www/geolearnr.ch/api.php on line 20) in /home/pihezigo/www/geolearnr.ch/api.php on line 669
[04-Jan-2026 22:33:28 Europe/Zurich] PHP Notice:  session_start() [<a href='https://secure.php.net/manual/en/function.session-start.php'>function.session-start.php</a>]: Ignoring session_start() because a session is already active (started from /home/pihezigo/www/geolearnr.ch/api.php on line 20) in /home/pihezigo/www/geolearnr.ch/api.php on line 669
[04-Jan-2026 22:33:29 Europe/Zurich] PHP Notice:  session_start() [<a href='https://secure.php.net/manual/en/function.session-start.php'>function.session-start.php</a>]: Ignoring session_start() because a session is already active (started from /home/pihezigo/www/geolearnr.ch/api.php on line 20) in /home/pihezigo/www/geolearnr.ch/api.php on line 669
[04-Jan-2026 22:33:29 Europe/Zurich] PHP Notice:  session_start() [<a href='https://secure.php.net/manual/en/function.session-start.php'>function.session-start.php</a>]: Ignoring session_start() because a session is already active (started from /home/pihezigo/www/geolearnr.ch/api.php on line 20) in /home/pihezigo/www/geolearnr.ch/api.php on line 669
[04-Jan-2026 22:33:31 Europe/Zurich] PHP Notice:  session_start() [<a href='https://secure.php.net/manual/en/function.session-start.php'>function.session-start.php</a>]: Ignoring session_start() because a session is already active (started from /home/pihezigo/www/geolearnr.ch/api.php on line 20) in /home/pihezigo/www/geolearnr.ch/api.php on line 746
[04-Jan-2026 22:33:31 Europe/Zurich] PHP Notice:  session_start() [<a href='https://secure.php.net/manual/en/function.session-start.php'>function.session-start.php</a>]: Ignoring session_start() because a session is already active (started from /home/pihezigo/www/geolearnr.ch/api.php on line 20) in /home/pihezigo/www/geolearnr.ch/api.php on line 669
[04-Jan-2026 22:33:33 Europe/Zurich] PHP Notice:  session_start() [<a href='https://secure.php.net/manual/en/function.session-start.php'>function.session-start.php</a>]: Ignoring session_start() because a session is already active (started from /home/pihezigo/www/geolearnr.ch/api.php on line 20) in /home/pihezigo/www/geolearnr.ch/api.php on line 669
[04-Jan-2026 22:33:42 Europe/Zurich] PHP Notice:  session_start() [<a href='https://secure.php.net/manual/en/function.session-start.php'>function.session-start.php</a>]: Ignoring session_start() because a session is already active (started from /home/pihezigo/www/geolearnr.ch/api.php on line 20) in /home/pihezigo/www/geolearnr.ch/api.php on line 683
[04-Jan-2026 22:33:43 Europe/Zurich] PHP Notice:  session_start() [<a href='https://secure.php.net/manual/en/function.session-start.php'>function.session-start.php</a>]: Ignoring session_start() because a session is already active (started from /home/pihezigo/www/geolearnr.ch/api.php on line 20) in /home/pihezigo/www/geolearnr.ch/api.php on line 864
[04-Jan-2026 22:33:43 Europe/Zurich] PHP Notice:  session_start() [<a href='https://secure.php.net/manual/en/function.session-start.php'>function.session-start.php</a>]: Ignoring session_start() because a session is already active (started from /home/pihezigo/www/geolearnr.ch/api.php on line 20) in /home/pihezigo/www/geolearnr.ch/api.php on line 669
[04-Jan-2026 22:34:06 Europe/Zurich] PHP Notice:  session_start() [<a href='https://secure.php.net/manual/en/function.session-start.php'>function.session-start.php</a>]: Ignoring session_start() because a session is already active (started from /home/pihezigo/www/geolearnr.ch/api.php on line 20) in /home/pihezigo/www/geolearnr.ch/api.php on line 746
[04-Jan-2026 22:34:07 Europe/Zurich] PHP Notice:  session_start() [<a href='https://secure.php.net/manual/en/function.session-start.php'>function.session-start.php</a>]: Ignoring session_start() because a session is already active (started from /home/pihezigo/www/geolearnr.ch/api.php on line 20) in /home/pihezigo/www/geolearnr.ch/api.php on line 669
[04-Jan-2026 22:34:11 Europe/Zurich] PHP Notice:  session_start() [<a href='https://secure.php.net/manual/en/function.session-start.php'>function.session-start.php</a>]: Ignoring session_start() because a session is already active (started from /home/pihezigo/www/geolearnr.ch/api.php on line 20) in /home/pihezigo/www/geolearnr.ch/api.php on line 669
[04-Jan-2026 22:34:32 Europe/Zurich] PHP Notice:  session_start() [<a href='https://secure.php.net/manual/en/function.session-start.php'>function.session-start.php</a>]: Ignoring session_start() because a session is already active (started from /home/pihezigo/www/geolearnr.ch/api.php on line 20) in /home/pihezigo/www/geolearnr.ch/api.php on line 683
[04-Jan-2026 22:34:32 Europe/Zurich] PHP Notice:  session_start() [<a href='https://secure.php.net/manual/en/function.session-start.php'>function.session-start.php</a>]: Ignoring session_start() because a session is already active (started from /home/pihezigo/www/geolearnr.ch/api.php on line 20) in /home/pihezigo/www/geolearnr.ch/api.php on line 669
[04-Jan-2026 22:51:49 Europe/Zurich] PHP Notice:  session_start() [<a href='https://secure.php.net/manual/en/function.session-start.php'>function.session-start.php</a>]: Ignoring session_start() because a session is already active (started from /home/pihezigo/www/geolearnr.ch/api.php on line 20) in /home/pihezigo/www/geolearnr.ch/api.php on line 669
[04-Jan-2026 22:51:51 Europe/Zurich] PHP Notice:  session_start() [<a href='https://secure.php.net/manual/en/function.session-start.php'>function.session-start.php</a>]: Ignoring session_start() because a session is already active (started from /home/pihezigo/www/geolearnr.ch/api.php on line 20) in /home/pihezigo/www/geolearnr.ch/api.php on line 669
[04-Jan-2026 22:51:53 Europe/Zurich] PHP Notice:  session_start() [<a href='https://secure.php.net/manual/en/function.session-start.php'>function.session-start.php</a>]: Ignoring session_start() because a session is already active (started from /home/pihezigo/www/geolearnr.ch/api.php on line 20) in /home/pihezigo/www/geolearnr.ch/api.php on line 669
[04-Jan-2026 22:51:54 Europe/Zurich] PHP Notice:  session_start() [<a href='https://secure.php.net/manual/en/function.session-start.php'>function.session-start.php</a>]: Ignoring session_start() because a session is already active (started from /home/pihezigo/www/geolearnr.ch/api.php on line 20) in /home/pihezigo/www/geolearnr.ch/api.php on line 669
[04-Jan-2026 22:52:04 Europe/Zurich] PHP Notice:  session_start() [<a href='https://secure.php.net/manual/en/function.session-start.php'>function.session-start.php</a>]: Ignoring session_start() because a session is already active (started from /home/pihezigo/www/geolearnr.ch/api.php on line 20) in /home/pihezigo/www/geolearnr.ch/api.php on line 669
[04-Jan-2026 22:54:26 Europe/Zurich] PHP Notice:  session_start() [<a href='https://secure.php.net/manual/en/function.session-start.php'>function.session-start.php</a>]: Ignoring session_start() because a session is already active (started from /home/pihezigo/www/geolearnr.ch/api.php on line 20) in /home/pihezigo/www/geolearnr.ch/api.php on line 669
[04-Jan-2026 22:54:27 Europe/Zurich] PHP Notice:  session_start() [<a href='https://secure.php.net/manual/en/function.session-start.php'>function.session-start.php</a>]: Ignoring session_start() because a session is already active (started from /home/pihezigo/www/geolearnr.ch/api.php on line 20) in /home/pihezigo/www/geolearnr.ch/api.php on line 669
[04-Jan-2026 22:54:28 Europe/Zurich] PHP Notice:  session_start() [<a href='https://secure.php.net/manual/en/function.session-start.php'>function.session-start.php</a>]: Ignoring session_start() because a session is already active (started from /home/pihezigo/www/geolearnr.ch/api.php on line 20) in /home/pihezigo/www/geolearnr.ch/api.php on line 669
[04-Jan-2026 22:54:30 Europe/Zurich] PHP Notice:  session_start() [<a href='https://secure.php.net/manual/en/function.session-start.php'>function.session-start.php</a>]: Ignoring session_start() because a session is already active (started from /home/pihezigo/www/geolearnr.ch/api.php on line 20) in /home/pihezigo/www/geolearnr.ch/api.php on line 669
[04-Jan-2026 22:54:31 Europe/Zurich] PHP Notice:  session_start() [<a href='https://secure.php.net/manual/en/function.session-start.php'>function.session-start.php</a>]: Ignoring session_start() because a session is already active (started from /home/pihezigo/www/geolearnr.ch/api.php on line 20) in /home/pihezigo/www/geolearnr.ch/api.php on line 669
[04-Jan-2026 22:54:32 Europe/Zurich] PHP Notice:  session_start() [<a href='https://secure.php.net/manual/en/function.session-start.php'>function.session-start.php</a>]: Ignoring session_start() because a session is already active (started from /home/pihezigo/www/geolearnr.ch/api.php on line 20) in /home/pihezigo/www/geolearnr.ch/api.php on line 669
[04-Jan-2026 23:18:59 Europe/Zurich] PHP Notice:  session_start() [<a href='https://secure.php.net/manual/en/function.session-start.php'>function.session-start.php</a>]: Ignoring session_start() because a session is already active (started from /home/pihezigo/www/geolearnr.ch/api.php on line 20) in /home/pihezigo/www/geolearnr.ch/api.php on line 669
[04-Jan-2026 23:19:02 Europe/Zurich] PHP Notice:  session_start() [<a href='https://secure.php.net/manual/en/function.session-start.php'>function.session-start.php</a>]: Ignoring session_start() because a session is already active (started from /home/pihezigo/www/geolearnr.ch/api.php on line 20) in /home/pihezigo/www/geolearnr.ch/api.php on line 669
[04-Jan-2026 23:19:03 Europe/Zurich] PHP Notice:  session_start() [<a href='https://secure.php.net/manual/en/function.session-start.php'>function.session-start.php</a>]: Ignoring session_start() because a session is already active (started from /home/pihezigo/www/geolearnr.ch/api.php on line 20) in /home/pihezigo/www/geolearnr.ch/api.php on line 669
[04-Jan-2026 23:19:53 Europe/Zurich] PHP Notice:  session_start() [<a href='https://secure.php.net/manual/en/function.session-start.php'>function.session-start.php</a>]: Ignoring session_start() because a session is already active (started from /home/pihezigo/www/geolearnr.ch/api.php on line 20) in /home/pihezigo/www/geolearnr.ch/api.php on line 669
[04-Jan-2026 23:19:54 Europe/Zurich] PHP Notice:  session_start() [<a href='https://secure.php.net/manual/en/function.session-start.php'>function.session-start.php</a>]: Ignoring session_start() because a session is already active (started from /home/pihezigo/www/geolearnr.ch/api.php on line 20) in /home/pihezigo/www/geolearnr.ch/api.php on line 669
[04-Jan-2026 23:53:17 Europe/Zurich] PHP Notice:  session_start() [<a href='https://secure.php.net/manual/en/function.session-start.php'>function.session-start.php</a>]: Ignoring session_start() because a session is already active (started from /home/pihezigo/www/geolearnr.ch/api.php on line 20) in /home/pihezigo/www/geolearnr.ch/api.php on line 669
[05-Jan-2026 09:33:26 Europe/Zurich] PHP Notice:  session_start() [<a href='https://secure.php.net/manual/en/function.session-start.php'>function.session-start.php</a>]: Ignoring session_start() because a session is already active (started from /home/pihezigo/www/geolearnr.ch/api.php on line 20) in /home/pihezigo/www/geolearnr.ch/api.php on line 669
[05-Jan-2026 09:33:27 Europe/Zurich] PHP Notice:  session_start() [<a href='https://secure.php.net/manual/en/function.session-start.php'>function.session-start.php</a>]: Ignoring session_start() because a session is already active (started from /home/pihezigo/www/geolearnr.ch/api.php on line 20) in /home/pihezigo/www/geolearnr.ch/api.php on line 669
[05-Jan-2026 09:33:31 Europe/Zurich] PHP Notice:  session_start() [<a href='https://secure.php.net/manual/en/function.session-start.php'>function.session-start.php</a>]: Ignoring session_start() because a session is already active (started from /home/pihezigo/www/geolearnr.ch/api.php on line 20) in /home/pihezigo/www/geolearnr.ch/api.php on line 669
[05-Jan-2026 09:33:32 Europe/Zurich] PHP Notice:  session_start() [<a href='https://secure.php.net/manual/en/function.session-start.php'>function.session-start.php</a>]: Ignoring session_start() because a session is already active (started from /home/pihezigo/www/geolearnr.ch/api.php on line 20) in /home/pihezigo/www/geolearnr.ch/api.php on line 864
[05-Jan-2026 09:33:32 Europe/Zurich] PHP Notice:  session_start() [<a href='https://secure.php.net/manual/en/function.session-start.php'>function.session-start.php</a>]: Ignoring session_start() because a session is already active (started from /home/pihezigo/www/geolearnr.ch/api.php on line 20) in /home/pihezigo/www/geolearnr.ch/api.php on line 669
[05-Jan-2026 09:33:33 Europe/Zurich] PHP Notice:  session_start() [<a href='https://secure.php.net/manual/en/function.session-start.php'>function.session-start.php</a>]: Ignoring session_start() because a session is already active (started from /home/pihezigo/www/geolearnr.ch/api.php on line 20) in /home/pihezigo/www/geolearnr.ch/api.php on line 669
[05-Jan-2026 09:36:21 Europe/Zurich] PHP Notice:  session_start() [<a href='https://secure.php.net/manual/en/function.session-start.php'>function.session-start.php</a>]: Ignoring session_start() because a session is already active (started from /home/pihezigo/www/geolearnr.ch/api.php on line 20) in /home/pihezigo/www/geolearnr.ch/api.php on line 669
[05-Jan-2026 09:36:55 Europe/Zurich] PHP Notice:  session_start() [<a href='https://secure.php.net/manual/en/function.session-start.php'>function.session-start.php</a>]: Ignoring session_start() because a session is already active (started from /home/pihezigo/www/geolearnr.ch/api.php on line 20) in /home/pihezigo/www/geolearnr.ch/api.php on line 669
[05-Jan-2026 09:37:00 Europe/Zurich] PHP Notice:  session_start() [<a href='https://secure.php.net/manual/en/function.session-start.php'>function.session-start.php</a>]: Ignoring session_start() because a session is already active (started from /home/pihezigo/www/geolearnr.ch/api.php on line 20) in /home/pihezigo/www/geolearnr.ch/api.php on line 669
[05-Jan-2026 09:37:17 Europe/Zurich] PHP Notice:  session_start() [<a href='https://secure.php.net/manual/en/function.session-start.php'>function.session-start.php</a>]: Ignoring session_start() because a session is already active (started from /home/pihezigo/www/geolearnr.ch/api.php on line 20) in /home/pihezigo/www/geolearnr.ch/api.php on line 669
[05-Jan-2026 09:37:25 Europe/Zurich] PHP Notice:  session_start() [<a href='https://secure.php.net/manual/en/function.session-start.php'>function.session-start.php</a>]: Ignoring session_start() because a session is already active (started from /home/pihezigo/www/geolearnr.ch/api.php on line 20) in /home/pihezigo/www/geolearnr.ch/api.php on line 669
[05-Jan-2026 09:38:53 Europe/Zurich] PHP Notice:  session_start() [<a href='https://secure.php.net/manual/en/function.session-start.php'>function.session-start.php</a>]: Ignoring session_start() because a session is already active (started from /home/pihezigo/www/geolearnr.ch/api.php on line 20) in /home/pihezigo/www/geolearnr.ch/api.php on line 669
[05-Jan-2026 09:38:54 Europe/Zurich] PHP Notice:  session_start() [<a href='https://secure.php.net/manual/en/function.session-start.php'>function.session-start.php</a>]: Ignoring session_start() because a session is already active (started from /home/pihezigo/www/geolearnr.ch/api.php on line 20) in /home/pihezigo/www/geolearnr.ch/api.php on line 669
[05-Jan-2026 09:38:57 Europe/Zurich] PHP Notice:  session_start() [<a href='https://secure.php.net/manual/en/function.session-start.php'>function.session-start.php</a>]: Ignoring session_start() because a session is already active (started from /home/pihezigo/www/geolearnr.ch/api.php on line 20) in /home/pihezigo/www/geolearnr.ch/api.php on line 669
[05-Jan-2026 09:40:06 Europe/Zurich] PHP Notice:  session_start() [<a href='https://secure.php.net/manual/en/function.session-start.php'>function.session-start.php</a>]: Ignoring session_start() because a session is already active (started from /home/pihezigo/www/geolearnr.ch/api.php on line 20) in /home/pihezigo/www/geolearnr.ch/api.php on line 864
[05-Jan-2026 09:40:06 Europe/Zurich] PHP Notice:  session_start() [<a href='https://secure.php.net/manual/en/function.session-start.php'>function.session-start.php</a>]: Ignoring session_start() because a session is already active (started from /home/pihezigo/www/geolearnr.ch/api.php on line 20) in /home/pihezigo/www/geolearnr.ch/api.php on line 669
[05-Jan-2026 09:40:11 Europe/Zurich] PHP Notice:  session_start() [<a href='https://secure.php.net/manual/en/function.session-start.php'>function.session-start.php</a>]: Ignoring session_start() because a session is already active (started from /home/pihezigo/www/geolearnr.ch/api.php on line 20) in /home/pihezigo/www/geolearnr.ch/api.php on line 864
[05-Jan-2026 09:40:11 Europe/Zurich] PHP Notice:  session_start() [<a href='https://secure.php.net/manual/en/function.session-start.php'>function.session-start.php</a>]: Ignoring session_start() because a session is already active (started from /home/pihezigo/www/geolearnr.ch/api.php on line 20) in /home/pihezigo/www/geolearnr.ch/api.php on line 669
[05-Jan-2026 09:40:12 Europe/Zurich] PHP Notice:  session_start() [<a href='https://secure.php.net/manual/en/function.session-start.php'>function.session-start.php</a>]: Ignoring session_start() because a session is already active (started from /home/pihezigo/www/geolearnr.ch/api.php on line 20) in /home/pihezigo/www/geolearnr.ch/api.php on line 669
[05-Jan-2026 09:40:12 Europe/Zurich] PHP Notice:  session_start() [<a href='https://secure.php.net/manual/en/function.session-start.php'>function.session-start.php</a>]: Ignoring session_start() because a session is already active (started from /home/pihezigo/www/geolearnr.ch/api.php on line 20) in /home/pihezigo/www/geolearnr.ch/api.php on line 864
[05-Jan-2026 09:40:13 Europe/Zurich] PHP Notice:  session_start() [<a href='https://secure.php.net/manual/en/function.session-start.php'>function.session-start.php</a>]: Ignoring session_start() because a session is already active (started from /home/pihezigo/www/geolearnr.ch/api.php on line 20) in /home/pihezigo/www/geolearnr.ch/api.php on line 864
[05-Jan-2026 09:40:13 Europe/Zurich] PHP Notice:  session_start() [<a href='https://secure.php.net/manual/en/function.session-start.php'>function.session-start.php</a>]: Ignoring session_start() because a session is already active (started from /home/pihezigo/www/geolearnr.ch/api.php on line 20) in /home/pihezigo/www/geolearnr.ch/api.php on line 669
[05-Jan-2026 09:40:14 Europe/Zurich] PHP Notice:  session_start() [<a href='https://secure.php.net/manual/en/function.session-start.php'>function.session-start.php</a>]: Ignoring session_start() because a session is already active (started from /home/pihezigo/www/geolearnr.ch/api.php on line 20) in /home/pihezigo/www/geolearnr.ch/api.php on line 864
[05-Jan-2026 09:40:14 Europe/Zurich] PHP Notice:  session_start() [<a href='https://secure.php.net/manual/en/function.session-start.php'>function.session-start.php</a>]: Ignoring session_start() because a session is already active (started from /home/pihezigo/www/geolearnr.ch/api.php on line 20) in /home/pihezigo/www/geolearnr.ch/api.php on line 669
[05-Jan-2026 09:40:33 Europe/Zurich] PHP Notice:  session_start() [<a href='https://secure.php.net/manual/en/function.session-start.php'>function.session-start.php</a>]: Ignoring session_start() because a session is already active (started from /home/pihezigo/www/geolearnr.ch/api.php on line 20) in /home/pihezigo/www/geolearnr.ch/api.php on line 683
[05-Jan-2026 09:40:39 Europe/Zurich] PHP Notice:  session_start() [<a href='https://secure.php.net/manual/en/function.session-start.php'>function.session-start.php</a>]: Ignoring session_start() because a session is already active (started from /home/pihezigo/www/geolearnr.ch/api.php on line 20) in /home/pihezigo/www/geolearnr.ch/api.php on line 669
[05-Jan-2026 09:40:42 Europe/Zurich] PHP Notice:  session_start() [<a href='https://secure.php.net/manual/en/function.session-start.php'>function.session-start.php</a>]: Ignoring session_start() because a session is already active (started from /home/pihezigo/www/geolearnr.ch/api.php on line 20) in /home/pihezigo/www/geolearnr.ch/api.php on line 864
[05-Jan-2026 09:40:42 Europe/Zurich] PHP Notice:  session_start() [<a href='https://secure.php.net/manual/en/function.session-start.php'>function.session-start.php</a>]: Ignoring session_start() because a session is already active (started from /home/pihezigo/www/geolearnr.ch/api.php on line 20) in /home/pihezigo/www/geolearnr.ch/api.php on line 669
[05-Jan-2026 09:41:05 Europe/Zurich] PHP Notice:  session_start() [<a href='https://secure.php.net/manual/en/function.session-start.php'>function.session-start.php</a>]: Ignoring session_start() because a session is already active (started from /home/pihezigo/www/geolearnr.ch/api.php on line 20) in /home/pihezigo/www/geolearnr.ch/api.php on line 864
[05-Jan-2026 09:41:05 Europe/Zurich] PHP Notice:  session_start() [<a href='https://secure.php.net/manual/en/function.session-start.php'>function.session-start.php</a>]: Ignoring session_start() because a session is already active (started from /home/pihezigo/www/geolearnr.ch/api.php on line 20) in /home/pihezigo/www/geolearnr.ch/api.php on line 864
[05-Jan-2026 09:41:05 Europe/Zurich] PHP Notice:  session_start() [<a href='https://secure.php.net/manual/en/function.session-start.php'>function.session-start.php</a>]: Ignoring session_start() because a session is already active (started from /home/pihezigo/www/geolearnr.ch/api.php on line 20) in /home/pihezigo/www/geolearnr.ch/api.php on line 669
[05-Jan-2026 09:42:21 Europe/Zurich] PHP Notice:  session_start() [<a href='https://secure.php.net/manual/en/function.session-start.php'>function.session-start.php</a>]: Ignoring session_start() because a session is already active (started from /home/pihezigo/www/geolearnr.ch/api.php on line 20) in /home/pihezigo/www/geolearnr.ch/api.php on line 864
[05-Jan-2026 09:42:21 Europe/Zurich] PHP Fatal error:  Uncaught Error: mysqli_stmt::bind_param(): Argument #7 could not be passed by reference in /home/pihezigo/www/geolearnr.ch/api.php:406
Stack trace:
#0 {main}
  thrown in /home/pihezigo/www/geolearnr.ch/api.php on line 406
[05-Jan-2026 09:42:24 Europe/Zurich] PHP Notice:  session_start() [<a href='https://secure.php.net/manual/en/function.session-start.php'>function.session-start.php</a>]: Ignoring session_start() because a session is already active (started from /home/pihezigo/www/geolearnr.ch/api.php on line 20) in /home/pihezigo/www/geolearnr.ch/api.php on line 864
[05-Jan-2026 09:42:24 Europe/Zurich] PHP Fatal error:  Uncaught Error: mysqli_stmt::bind_param(): Argument #7 could not be passed by reference in /home/pihezigo/www/geolearnr.ch/api.php:406
Stack trace:
#0 {main}
  thrown in /home/pihezigo/www/geolearnr.ch/api.php on line 406
[05-Jan-2026 09:42:27 Europe/Zurich] PHP Notice:  session_start() [<a href='https://secure.php.net/manual/en/function.session-start.php'>function.session-start.php</a>]: Ignoring session_start() because a session is already active (started from /home/pihezigo/www/geolearnr.ch/api.php on line 20) in /home/pihezigo/www/geolearnr.ch/api.php on line 864
[05-Jan-2026 09:42:27 Europe/Zurich] PHP Fatal error:  Uncaught Error: mysqli_stmt::bind_param(): Argument #7 could not be passed by reference in /home/pihezigo/www/geolearnr.ch/api.php:406
Stack trace:
#0 {main}
  thrown in /home/pihezigo/www/geolearnr.ch/api.php on line 406
[05-Jan-2026 09:42:27 Europe/Zurich] PHP Notice:  session_start() [<a href='https://secure.php.net/manual/en/function.session-start.php'>function.session-start.php</a>]: Ignoring session_start() because a session is already active (started from /home/pihezigo/www/geolearnr.ch/api.php on line 20) in /home/pihezigo/www/geolearnr.ch/api.php on line 864
[05-Jan-2026 09:42:27 Europe/Zurich] PHP Fatal error:  Uncaught Error: mysqli_stmt::bind_param(): Argument #7 could not be passed by reference in /home/pihezigo/www/geolearnr.ch/api.php:406
Stack trace:
#0 {main}
  thrown in /home/pihezigo/www/geolearnr.ch/api.php on line 406
[05-Jan-2026 09:42:33 Europe/Zurich] PHP Notice:  session_start() [<a href='https://secure.php.net/manual/en/function.session-start.php'>function.session-start.php</a>]: Ignoring session_start() because a session is already active (started from /home/pihezigo/www/geolearnr.ch/api.php on line 20) in /home/pihezigo/www/geolearnr.ch/api.php on line 864
[05-Jan-2026 09:42:33 Europe/Zurich] PHP Fatal error:  Uncaught Error: mysqli_stmt::bind_param(): Argument #7 could not be passed by reference in /home/pihezigo/www/geolearnr.ch/api.php:406
Stack trace:
#0 {main}
  thrown in /home/pihezigo/www/geolearnr.ch/api.php on line 406
[05-Jan-2026 09:42:33 Europe/Zurich] PHP Notice:  session_start() [<a href='https://secure.php.net/manual/en/function.session-start.php'>function.session-start.php</a>]: Ignoring session_start() because a session is already active (started from /home/pihezigo/www/geolearnr.ch/api.php on line 20) in /home/pihezigo/www/geolearnr.ch/api.php on line 864
[05-Jan-2026 09:42:33 Europe/Zurich] PHP Fatal error:  Uncaught Error: mysqli_stmt::bind_param(): Argument #7 could not be passed by reference in /home/pihezigo/www/geolearnr.ch/api.php:406
Stack trace:
#0 {main}
  thrown in /home/pihezigo/www/geolearnr.ch/api.php on line 406
[05-Jan-2026 09:42:34 Europe/Zurich] PHP Notice:  session_start() [<a href='https://secure.php.net/manual/en/function.session-start.php'>function.session-start.php</a>]: Ignoring session_start() because a session is already active (started from /home/pihezigo/www/geolearnr.ch/api.php on line 20) in /home/pihezigo/www/geolearnr.ch/api.php on line 864
[05-Jan-2026 09:42:34 Europe/Zurich] PHP Fatal error:  Uncaught Error: mysqli_stmt::bind_param(): Argument #7 could not be passed by reference in /home/pihezigo/www/geolearnr.ch/api.php:406
Stack trace:
#0 {main}
  thrown in /home/pihezigo/www/geolearnr.ch/api.php on line 406
[05-Jan-2026 09:43:11 Europe/Zurich] PHP Notice:  session_start() [<a href='https://secure.php.net/manual/en/function.session-start.php'>function.session-start.php</a>]: Ignoring session_start() because a session is already active (started from /home/pihezigo/www/geolearnr.ch/api.php on line 20) in /home/pihezigo/www/geolearnr.ch/api.php on line 864
[05-Jan-2026 09:43:11 Europe/Zurich] PHP Fatal error:  Uncaught Error: mysqli_stmt::bind_param(): Argument #7 could not be passed by reference in /home/pihezigo/www/geolearnr.ch/api.php:406
Stack trace:
#0 {main}
  thrown in /home/pihezigo/www/geolearnr.ch/api.php on line 406
[05-Jan-2026 09:43:12 Europe/Zurich] PHP Notice:  session_start() [<a href='https://secure.php.net/manual/en/function.session-start.php'>function.session-start.php</a>]: Ignoring session_start() because a session is already active (started from /home/pihezigo/www/geolearnr.ch/api.php on line 20) in /home/pihezigo/www/geolearnr.ch/api.php on line 864
[05-Jan-2026 09:43:12 Europe/Zurich] PHP Fatal error:  Uncaught Error: mysqli_stmt::bind_param(): Argument #7 could not be passed by reference in /home/pihezigo/www/geolearnr.ch/api.php:406
Stack trace:
#0 {main}
  thrown in /home/pihezigo/www/geolearnr.ch/api.php on line 406
[05-Jan-2026 09:43:54 Europe/Zurich] PHP Notice:  session_start() [<a href='https://secure.php.net/manual/en/function.session-start.php'>function.session-start.php</a>]: Ignoring session_start() because a session is already active (started from /home/pihezigo/www/geolearnr.ch/api.php on line 20) in /home/pihezigo/www/geolearnr.ch/api.php on line 669
[05-Jan-2026 09:44:00 Europe/Zurich] PHP Notice:  session_start() [<a href='https://secure.php.net/manual/en/function.session-start.php'>function.session-start.php</a>]: Ignoring session_start() because a session is already active (started from /home/pihezigo/www/geolearnr.ch/api.php on line 20) in /home/pihezigo/www/geolearnr.ch/api.php on line 669
[05-Jan-2026 09:44:06 Europe/Zurich] PHP Notice:  session_start() [<a href='https://secure.php.net/manual/en/function.session-start.php'>function.session-start.php</a>]: Ignoring session_start() because a session is already active (started from /home/pihezigo/www/geolearnr.ch/api.php on line 20) in /home/pihezigo/www/geolearnr.ch/api.php on line 669
[05-Jan-2026 09:44:07 Europe/Zurich] PHP Notice:  session_start() [<a href='https://secure.php.net/manual/en/function.session-start.php'>function.session-start.php</a>]: Ignoring session_start() because a session is already active (started from /home/pihezigo/www/geolearnr.ch/api.php on line 20) in /home/pihezigo/www/geolearnr.ch/api.php on line 669
[05-Jan-2026 09:44:09 Europe/Zurich] PHP Notice:  session_start() [<a href='https://secure.php.net/manual/en/function.session-start.php'>function.session-start.php</a>]: Ignoring session_start() because a session is already active (started from /home/pihezigo/www/geolearnr.ch/api.php on line 20) in /home/pihezigo/www/geolearnr.ch/api.php on line 669
[05-Jan-2026 09:44:18 Europe/Zurich] PHP Notice:  session_start() [<a href='https://secure.php.net/manual/en/function.session-start.php'>function.session-start.php</a>]: Ignoring session_start() because a session is already active (started from /home/pihezigo/www/geolearnr.ch/api.php on line 20) in /home/pihezigo/www/geolearnr.ch/api.php on line 683
[05-Jan-2026 09:44:18 Europe/Zurich] PHP Notice:  session_start() [<a href='https://secure.php.net/manual/en/function.session-start.php'>function.session-start.php</a>]: Ignoring session_start() because a session is already active (started from /home/pihezigo/www/geolearnr.ch/api.php on line 20) in /home/pihezigo/www/geolearnr.ch/api.php on line 669
[05-Jan-2026 09:44:23 Europe/Zurich] PHP Notice:  session_start() [<a href='https://secure.php.net/manual/en/function.session-start.php'>function.session-start.php</a>]: Ignoring session_start() because a session is already active (started from /home/pihezigo/www/geolearnr.ch/api.php on line 20) in /home/pihezigo/www/geolearnr.ch/api.php on line 669
[05-Jan-2026 09:44:23 Europe/Zurich] PHP Notice:  session_start() [<a href='https://secure.php.net/manual/en/function.session-start.php'>function.session-start.php</a>]: Ignoring session_start() because a session is already active (started from /home/pihezigo/www/geolearnr.ch/api.php on line 20) in /home/pihezigo/www/geolearnr.ch/api.php on line 864
[05-Jan-2026 09:44:25 Europe/Zurich] PHP Notice:  session_start() [<a href='https://secure.php.net/manual/en/function.session-start.php'>function.session-start.php</a>]: Ignoring session_start() because a session is already active (started from /home/pihezigo/www/geolearnr.ch/api.php on line 20) in /home/pihezigo/www/geolearnr.ch/api.php on line 864
[05-Jan-2026 09:44:25 Europe/Zurich] PHP Notice:  session_start() [<a href='https://secure.php.net/manual/en/function.session-start.php'>function.session-start.php</a>]: Ignoring session_start() because a session is already active (started from /home/pihezigo/www/geolearnr.ch/api.php on line 20) in /home/pihezigo/www/geolearnr.ch/api.php on line 864
[05-Jan-2026 09:44:26 Europe/Zurich] PHP Notice:  session_start() [<a href='https://secure.php.net/manual/en/function.session-start.php'>function.session-start.php</a>]: Ignoring session_start() because a session is already active (started from /home/pihezigo/www/geolearnr.ch/api.php on line 20) in /home/pihezigo/www/geolearnr.ch/api.php on line 864
[05-Jan-2026 09:44:26 Europe/Zurich] PHP Notice:  session_start() [<a href='https://secure.php.net/manual/en/function.session-start.php'>function.session-start.php</a>]: Ignoring session_start() because a session is already active (started from /home/pihezigo/www/geolearnr.ch/api.php on line 20) in /home/pihezigo/www/geolearnr.ch/api.php on line 864
[05-Jan-2026 09:44:27 Europe/Zurich] PHP Notice:  session_start() [<a href='https://secure.php.net/manual/en/function.session-start.php'>function.session-start.php</a>]: Ignoring session_start() because a session is already active (started from /home/pihezigo/www/geolearnr.ch/api.php on line 20) in /home/pihezigo/www/geolearnr.ch/api.php on line 864
[05-Jan-2026 09:44:27 Europe/Zurich] PHP Notice:  session_start() [<a href='https://secure.php.net/manual/en/function.session-start.php'>function.session-start.php</a>]: Ignoring session_start() because a session is already active (started from /home/pihezigo/www/geolearnr.ch/api.php on line 20) in /home/pihezigo/www/geolearnr.ch/api.php on line 864
[05-Jan-2026 09:44:29 Europe/Zurich] PHP Notice:  session_start() [<a href='https://secure.php.net/manual/en/function.session-start.php'>function.session-start.php</a>]: Ignoring session_start() because a session is already active (started from /home/pihezigo/www/geolearnr.ch/api.php on line 20) in /home/pihezigo/www/geolearnr.ch/api.php on line 669
[05-Jan-2026 09:44:37 Europe/Zurich] PHP Notice:  session_start() [<a href='https://secure.php.net/manual/en/function.session-start.php'>function.session-start.php</a>]: Ignoring session_start() because a session is already active (started from /home/pihezigo/www/geolearnr.ch/api.php on line 20) in /home/pihezigo/www/geolearnr.ch/api.php on line 669
[05-Jan-2026 09:44:42 Europe/Zurich] PHP Notice:  session_start() [<a href='https://secure.php.net/manual/en/function.session-start.php'>function.session-start.php</a>]: Ignoring session_start() because a session is already active (started from /home/pihezigo/www/geolearnr.ch/api.php on line 20) in /home/pihezigo/www/geolearnr.ch/api.php on line 864
[05-Jan-2026 09:44:42 Europe/Zurich] PHP Notice:  session_start() [<a href='https://secure.php.net/manual/en/function.session-start.php'>function.session-start.php</a>]: Ignoring session_start() because a session is already active (started from /home/pihezigo/www/geolearnr.ch/api.php on line 20) in /home/pihezigo/www/geolearnr.ch/api.php on line 669
[05-Jan-2026 09:44:48 Europe/Zurich] PHP Notice:  session_start() [<a href='https://secure.php.net/manual/en/function.session-start.php'>function.session-start.php</a>]: Ignoring session_start() because a session is already active (started from /home/pihezigo/www/geolearnr.ch/api.php on line 20) in /home/pihezigo/www/geolearnr.ch/api.php on line 669
[05-Jan-2026 09:44:48 Europe/Zurich] PHP Notice:  session_start() [<a href='https://secure.php.net/manual/en/function.session-start.php'>function.session-start.php</a>]: Ignoring session_start() because a session is already active (started from /home/pihezigo/www/geolearnr.ch/api.php on line 20) in /home/pihezigo/www/geolearnr.ch/api.php on line 864
[05-Jan-2026 09:44:54 Europe/Zurich] PHP Notice:  session_start() [<a href='https://secure.php.net/manual/en/function.session-start.php'>function.session-start.php</a>]: Ignoring session_start() because a session is already active (started from /home/pihezigo/www/geolearnr.ch/api.php on line 20) in /home/pihezigo/www/geolearnr.ch/api.php on line 864
[05-Jan-2026 09:44:54 Europe/Zurich] PHP Notice:  session_start() [<a href='https://secure.php.net/manual/en/function.session-start.php'>function.session-start.php</a>]: Ignoring session_start() because a session is already active (started from /home/pihezigo/www/geolearnr.ch/api.php on line 20) in /home/pihezigo/www/geolearnr.ch/api.php on line 864
[05-Jan-2026 09:44:58 Europe/Zurich] PHP Notice:  session_start() [<a href='https://secure.php.net/manual/en/function.session-start.php'>function.session-start.php</a>]: Ignoring session_start() because a session is already active (started from /home/pihezigo/www/geolearnr.ch/api.php on line 20) in /home/pihezigo/www/geolearnr.ch/api.php on line 669
[05-Jan-2026 09:44:58 Europe/Zurich] PHP Notice:  session_start() [<a href='https://secure.php.net/manual/en/function.session-start.php'>function.session-start.php</a>]: Ignoring session_start() because a session is already active (started from /home/pihezigo/www/geolearnr.ch/api.php on line 20) in /home/pihezigo/www/geolearnr.ch/api.php on line 864
[05-Jan-2026 09:45:42 Europe/Zurich] PHP Notice:  session_start() [<a href='https://secure.php.net/manual/en/function.session-start.php'>function.session-start.php</a>]: Ignoring session_start() because a session is already active (started from /home/pihezigo/www/geolearnr.ch/api.php on line 20) in /home/pihezigo/www/geolearnr.ch/api.php on line 864
[05-Jan-2026 09:45:42 Europe/Zurich] PHP Notice:  session_start() [<a href='https://secure.php.net/manual/en/function.session-start.php'>function.session-start.php</a>]: Ignoring session_start() because a session is already active (started from /home/pihezigo/www/geolearnr.ch/api.php on line 20) in /home/pihezigo/www/geolearnr.ch/api.php on line 669
[05-Jan-2026 09:45:51 Europe/Zurich] PHP Notice:  session_start() [<a href='https://secure.php.net/manual/en/function.session-start.php'>function.session-start.php</a>]: Ignoring session_start() because a session is already active (started from /home/pihezigo/www/geolearnr.ch/api.php on line 20) in /home/pihezigo/www/geolearnr.ch/api.php on line 864
[05-Jan-2026 09:45:51 Europe/Zurich] PHP Fatal error:  Uncaught Error: mysqli_stmt::bind_param(): Argument #7 could not be passed by reference in /home/pihezigo/www/geolearnr.ch/api.php:406
Stack trace:
#0 {main}
  thrown in /home/pihezigo/www/geolearnr.ch/api.php on line 406
[05-Jan-2026 09:45:55 Europe/Zurich] PHP Notice:  session_start() [<a href='https://secure.php.net/manual/en/function.session-start.php'>function.session-start.php</a>]: Ignoring session_start() because a session is already active (started from /home/pihezigo/www/geolearnr.ch/api.php on line 20) in /home/pihezigo/www/geolearnr.ch/api.php on line 864
[05-Jan-2026 09:45:55 Europe/Zurich] PHP Fatal error:  Uncaught Error: mysqli_stmt::bind_param(): Argument #7 could not be passed by reference in /home/pihezigo/www/geolearnr.ch/api.php:406
Stack trace:
#0 {main}
  thrown in /home/pihezigo/www/geolearnr.ch/api.php on line 406
[05-Jan-2026 09:48:28 Europe/Zurich] PHP Notice:  session_start() [<a href='https://secure.php.net/manual/en/function.session-start.php'>function.session-start.php</a>]: Ignoring session_start() because a session is already active (started from /home/pihezigo/www/geolearnr.ch/api.php on line 20) in /home/pihezigo/www/geolearnr.ch/api.php on line 864
[05-Jan-2026 09:48:28 Europe/Zurich] PHP Notice:  session_start() [<a href='https://secure.php.net/manual/en/function.session-start.php'>function.session-start.php</a>]: Ignoring session_start() because a session is already active (started from /home/pihezigo/www/geolearnr.ch/api.php on line 20) in /home/pihezigo/www/geolearnr.ch/api.php on line 669
[05-Jan-2026 09:48:32 Europe/Zurich] PHP Notice:  session_start() [<a href='https://secure.php.net/manual/en/function.session-start.php'>function.session-start.php</a>]: Ignoring session_start() because a session is already active (started from /home/pihezigo/www/geolearnr.ch/api.php on line 20) in /home/pihezigo/www/geolearnr.ch/api.php on line 864
[05-Jan-2026 09:48:32 Europe/Zurich] PHP Notice:  session_start() [<a href='https://secure.php.net/manual/en/function.session-start.php'>function.session-start.php</a>]: Ignoring session_start() because a session is already active (started from /home/pihezigo/www/geolearnr.ch/api.php on line 20) in /home/pihezigo/www/geolearnr.ch/api.php on line 864
[05-Jan-2026 09:48:37 Europe/Zurich] PHP Notice:  session_start() [<a href='https://secure.php.net/manual/en/function.session-start.php'>function.session-start.php</a>]: Ignoring session_start() because a session is already active (started from /home/pihezigo/www/geolearnr.ch/api.php on line 20) in /home/pihezigo/www/geolearnr.ch/api.php on line 669
[05-Jan-2026 09:48:37 Europe/Zurich] PHP Notice:  session_start() [<a href='https://secure.php.net/manual/en/function.session-start.php'>function.session-start.php</a>]: Ignoring session_start() because a session is already active (started from /home/pihezigo/www/geolearnr.ch/api.php on line 20) in /home/pihezigo/www/geolearnr.ch/api.php on line 864
[05-Jan-2026 09:48:39 Europe/Zurich] PHP Notice:  session_start() [<a href='https://secure.php.net/manual/en/function.session-start.php'>function.session-start.php</a>]: Ignoring session_start() because a session is already active (started from /home/pihezigo/www/geolearnr.ch/api.php on line 20) in /home/pihezigo/www/geolearnr.ch/api.php on line 864
[05-Jan-2026 09:48:39 Europe/Zurich] PHP Notice:  session_start() [<a href='https://secure.php.net/manual/en/function.session-start.php'>function.session-start.php</a>]: Ignoring session_start() because a session is already active (started from /home/pihezigo/www/geolearnr.ch/api.php on line 20) in /home/pihezigo/www/geolearnr.ch/api.php on line 669
[05-Jan-2026 09:50:21 Europe/Zurich] PHP Notice:  session_start() [<a href='https://secure.php.net/manual/en/function.session-start.php'>function.session-start.php</a>]: Ignoring session_start() because a session is already active (started from /home/pihezigo/www/geolearnr.ch/api.php on line 20) in /home/pihezigo/www/geolearnr.ch/api.php on line 864
[05-Jan-2026 09:50:21 Europe/Zurich] PHP Notice:  session_start() [<a href='https://secure.php.net/manual/en/function.session-start.php'>function.session-start.php</a>]: Ignoring session_start() because a session is already active (started from /home/pihezigo/www/geolearnr.ch/api.php on line 20) in /home/pihezigo/www/geolearnr.ch/api.php on line 669
[05-Jan-2026 09:50:26 Europe/Zurich] PHP Notice:  session_start() [<a href='https://secure.php.net/manual/en/function.session-start.php'>function.session-start.php</a>]: Ignoring session_start() because a session is already active (started from /home/pihezigo/www/geolearnr.ch/api.php on line 20) in /home/pihezigo/www/geolearnr.ch/api.php on line 864
[05-Jan-2026 09:50:26 Europe/Zurich] PHP Fatal error:  Uncaught Error: mysqli_stmt::bind_param(): Argument #7 could not be passed by reference in /home/pihezigo/www/geolearnr.ch/api.php:406
Stack trace:
#0 {main}
  thrown in /home/pihezigo/www/geolearnr.ch/api.php on line 406
[05-Jan-2026 09:52:02 Europe/Zurich] PHP Notice:  session_start() [<a href='https://secure.php.net/manual/en/function.session-start.php'>function.session-start.php</a>]: Ignoring session_start() because a session is already active (started from /home/pihezigo/www/geolearnr.ch/api.php on line 20) in /home/pihezigo/www/geolearnr.ch/api.php on line 669
[05-Jan-2026 09:52:05 Europe/Zurich] PHP Notice:  session_start() [<a href='https://secure.php.net/manual/en/function.session-start.php'>function.session-start.php</a>]: Ignoring session_start() because a session is already active (started from /home/pihezigo/www/geolearnr.ch/api.php on line 20) in /home/pihezigo/www/geolearnr.ch/api.php on line 669
[05-Jan-2026 09:52:05 Europe/Zurich] PHP Notice:  session_start() [<a href='https://secure.php.net/manual/en/function.session-start.php'>function.session-start.php</a>]: Ignoring session_start() because a session is already active (started from /home/pihezigo/www/geolearnr.ch/api.php on line 20) in /home/pihezigo/www/geolearnr.ch/api.php on line 864
[05-Jan-2026 09:52:09 Europe/Zurich] PHP Notice:  session_start() [<a href='https://secure.php.net/manual/en/function.session-start.php'>function.session-start.php</a>]: Ignoring session_start() because a session is already active (started from /home/pihezigo/www/geolearnr.ch/api.php on line 20) in /home/pihezigo/www/geolearnr.ch/api.php on line 669
[05-Jan-2026 09:52:09 Europe/Zurich] PHP Notice:  session_start() [<a href='https://secure.php.net/manual/en/function.session-start.php'>function.session-start.php</a>]: Ignoring session_start() because a session is already active (started from /home/pihezigo/www/geolearnr.ch/api.php on line 20) in /home/pihezigo/www/geolearnr.ch/api.php on line 864
[05-Jan-2026 09:52:15 Europe/Zurich] PHP Notice:  session_start() [<a href='https://secure.php.net/manual/en/function.session-start.php'>function.session-start.php</a>]: Ignoring session_start() because a session is already active (started from /home/pihezigo/www/geolearnr.ch/api.php on line 20) in /home/pihezigo/www/geolearnr.ch/api.php on line 864
[05-Jan-2026 09:52:15 Europe/Zurich] PHP Fatal error:  Uncaught Error: mysqli_stmt::bind_param(): Argument #7 could not be passed by reference in /home/pihezigo/www/geolearnr.ch/api.php:406
Stack trace:
#0 {main}
  thrown in /home/pihezigo/www/geolearnr.ch/api.php on line 406
[05-Jan-2026 09:52:34 Europe/Zurich] PHP Notice:  session_start() [<a href='https://secure.php.net/manual/en/function.session-start.php'>function.session-start.php</a>]: Ignoring session_start() because a session is already active (started from /home/pihezigo/www/geolearnr.ch/api.php on line 20) in /home/pihezigo/www/geolearnr.ch/api.php on line 864
[05-Jan-2026 09:52:34 Europe/Zurich] PHP Notice:  session_start() [<a href='https://secure.php.net/manual/en/function.session-start.php'>function.session-start.php</a>]: Ignoring session_start() because a session is already active (started from /home/pihezigo/www/geolearnr.ch/api.php on line 20) in /home/pihezigo/www/geolearnr.ch/api.php on line 669
[05-Jan-2026 09:52:49 Europe/Zurich] PHP Notice:  session_start() [<a href='https://secure.php.net/manual/en/function.session-start.php'>function.session-start.php</a>]: Ignoring session_start() because a session is already active (started from /home/pihezigo/www/geolearnr.ch/api.php on line 20) in /home/pihezigo/www/geolearnr.ch/api.php on line 669
[05-Jan-2026 09:52:49 Europe/Zurich] PHP Notice:  session_start() [<a href='https://secure.php.net/manual/en/function.session-start.php'>function.session-start.php</a>]: Ignoring session_start() because a session is already active (started from /home/pihezigo/www/geolearnr.ch/api.php on line 20) in /home/pihezigo/www/geolearnr.ch/api.php on line 864
[05-Jan-2026 09:52:51 Europe/Zurich] PHP Notice:  session_start() [<a href='https://secure.php.net/manual/en/function.session-start.php'>function.session-start.php</a>]: Ignoring session_start() because a session is already active (started from /home/pihezigo/www/geolearnr.ch/api.php on line 20) in /home/pihezigo/www/geolearnr.ch/api.php on line 864
[05-Jan-2026 09:52:51 Europe/Zurich] PHP Notice:  session_start() [<a href='https://secure.php.net/manual/en/function.session-start.php'>function.session-start.php</a>]: Ignoring session_start() because a session is already active (started from /home/pihezigo/www/geolearnr.ch/api.php on line 20) in /home/pihezigo/www/geolearnr.ch/api.php on line 669
[05-Jan-2026 09:52:56 Europe/Zurich] PHP Notice:  session_start() [<a href='https://secure.php.net/manual/en/function.session-start.php'>function.session-start.php</a>]: Ignoring session_start() because a session is already active (started from /home/pihezigo/www/geolearnr.ch/api.php on line 20) in /home/pihezigo/www/geolearnr.ch/api.php on line 864
[05-Jan-2026 09:52:56 Europe/Zurich] PHP Fatal error:  Uncaught Error: mysqli_stmt::bind_param(): Argument #7 could not be passed by reference in /home/pihezigo/www/geolearnr.ch/api.php:406
Stack trace:
#0 {main}
  thrown in /home/pihezigo/www/geolearnr.ch/api.php on line 406
[05-Jan-2026 09:58:07 Europe/Zurich] PHP Fatal error:  Uncaught Error: mysqli_stmt::bind_param(): Argument #7 could not be passed by reference in /home/pihezigo/www/geolearnr.ch/api.php:406
Stack trace:
#0 {main}
  thrown in /home/pihezigo/www/geolearnr.ch/api.php on line 406
[05-Jan-2026 10:10:06 Europe/Zurich] PHP Fatal error:  Uncaught Error: mysqli_stmt::bind_param(): Argument #7 could not be passed by reference in /home/pihezigo/www/geolearnr.ch/api.php:406
Stack trace:
#0 {main}
  thrown in /home/pihezigo/www/geolearnr.ch/api.php on line 406
[05-Jan-2026 10:10:11 Europe/Zurich] PHP Fatal error:  Uncaught Error: mysqli_stmt::bind_param(): Argument #7 could not be passed by reference in /home/pihezigo/www/geolearnr.ch/api.php:406
Stack trace:
#0 {main}
  thrown in /home/pihezigo/www/geolearnr.ch/api.php on line 406
[05-Jan-2026 10:10:12 Europe/Zurich] PHP Fatal error:  Uncaught Error: mysqli_stmt::bind_param(): Argument #7 could not be passed by reference in /home/pihezigo/www/geolearnr.ch/api.php:406
Stack trace:
#0 {main}
  thrown in /home/pihezigo/www/geolearnr.ch/api.php on line 406
[05-Jan-2026 10:10:24 Europe/Zurich] PHP Fatal error:  Uncaught Error: mysqli_stmt::bind_param(): Argument #7 could not be passed by reference in /home/pihezigo/www/geolearnr.ch/api.php:406
Stack trace:
#0 {main}
  thrown in /home/pihezigo/www/geolearnr.ch/api.php on line 406
[05-Jan-2026 10:10:30 Europe/Zurich] PHP Fatal error:  Uncaught Error: mysqli_stmt::bind_param(): Argument #7 could not be passed by reference in /home/pihezigo/www/geolearnr.ch/api.php:406
Stack trace:
#0 {main}
  thrown in /home/pihezigo/www/geolearnr.ch/api.php on line 406
[05-Jan-2026 10:10:31 Europe/Zurich] PHP Fatal error:  Uncaught Error: mysqli_stmt::bind_param(): Argument #7 could not be passed by reference in /home/pihezigo/www/geolearnr.ch/api.php:406
Stack trace:
#0 {main}
  thrown in /home/pihezigo/www/geolearnr.ch/api.php on line 406
[05-Jan-2026 10:10:31 Europe/Zurich] PHP Fatal error:  Uncaught Error: mysqli_stmt::bind_param(): Argument #7 could not be passed by reference in /home/pihezigo/www/geolearnr.ch/api.php:406
Stack trace:
#0 {main}
  thrown in /home/pihezigo/www/geolearnr.ch/api.php on line 406
[05-Jan-2026 10:10:32 Europe/Zurich] PHP Fatal error:  Uncaught Error: mysqli_stmt::bind_param(): Argument #7 could not be passed by reference in /home/pihezigo/www/geolearnr.ch/api.php:406
Stack trace:
#0 {main}
  thrown in /home/pihezigo/www/geolearnr.ch/api.php on line 406
